,assets,income_type,policy,income_value,consumption
0,-3.0,low,-3.0,-0.3347810082152974,0.4423876909746909
1,-2.99161364011285,low,-3.0,-0.3347810082152974,0.44860151206036214
2,-2.9831569491935435,low,-3.0,-0.3347810082152974,0.4548674444859322
3,-2.9746293374207333,low,-3.0,-0.3347810082152974,0.4611859252758519
4,-2.9660302100266183,low,-3.0,-0.3347810082152974,0.4675573951196159
5,-2.9573589672554608,low,-3.0,-0.3347810082152974,0.4739822984024995
6,-2.9486150043217556,low,-3.0,-0.3347810082152974,0.4804610832365537
7,-2.939797711368048,low,-3.0,-0.3347810082152974,0.486994201491858
8,-2.9309064734224006,low,-3.0,-0.3347810082152974,0.4935821088280363
9,-2.9219406703554984,low,-3.0,-0.3347810082152974,0.5002252647260392
10,-2.9128996768374007,low,-2.99161364011285,-0.3347810082152974,0.4985377726330382
11,-2.903782862293922,low,-2.99161364011285,-0.3347810082152974,0.5052928195433464
12,-2.8945895908626573,low,-2.9831569491935435,-0.3347810082152974,0.5036478257887924
13,-2.88531922134863,low,-2.9831569491935435,-0.3347810082152974,0.5105166482974108
14,-2.8759711071795713,low,-2.9746293374207333,-0.3347810082152974,0.5089154634507773
15,-2.866544596360825,low,-2.9746293374207333,-0.3347810082152974,0.5158999778858884
16,-2.857039031429872,low,-2.9660302100266183,-0.3347810082152974,0.5143439395785747
17,-2.8474537494104775,low,-2.9660302100266183,-0.3347810082152974,0.5214460945451753
18,-2.8377880817664485,low,-2.9660302100266183,-0.3347810082152974,0.5286078107392997
19,-2.8280413543550074,low,-2.9573589672554608,-0.3347810082152974,0.5271583448916806
20,-2.8182128873797714,low,-2.9573589672554608,-0.3347810082152974,0.5344406862355244
21,-2.8083019953433426,low,-2.9486150043217556,-0.3347810082152974,0.5330401369809934
22,-2.7983079869994936,low,-2.9486150043217556,-0.3347810082152974,0.5404451351700814
23,-2.7882301653049577,low,-2.939797711368048,-0.3347810082152974,0.5390949413852395
24,-2.778067827370813,low,-2.939797711368048,-0.3347810082152974,0.5466246623350481
25,-2.7678202644134577,low,-2.9309064734224006,-0.3347810082152974,0.5453262922889444
26,-2.7574867617051755,low,-2.9309064734224006,-0.3347810082152974,0.5529828367112692
27,-2.7470665985242873,low,-2.9219406703554984,-0.3347810082152974,0.5517377886037091
28,-2.7365590481048816,low,-2.9128996768374007,-0.3347810082152974,0.5504822990746425
29,-2.7259633775861256,low,-2.9128996768374007,-0.3347810082152974,0.5583330951020296
30,-2.7152788479611543,low,-2.903782862293922,-0.3347810082152974,0.5571329161868239
31,-2.7045047140255223,low,-2.903782862293922,-0.3347810082152974,0.565115943570571
32,-2.693640224325234,low,-2.8945895908626573,-0.3347810082152974,0.5639726480636824
33,-2.68268462110433,low,-2.88531922134863,-0.3347810082152974,0.5628197644692157
34,-2.6716371402520336,low,-2.88531922134863,-0.3347810082152974,0.5710053265470765
35,-2.660497011249463,low,-2.8759711071795713,-0.3347810082152974,0.5699114215253429
36,-2.6492634571158886,low,-2.866544596360825,-0.3347810082152974,0.5688083426224142
37,-2.637935694354538,low,-2.866544596360825,-0.3347810082152974,0.5772015778337742
38,-2.626512932897954,low,-2.857039031429872,-0.3347810082152974,0.5761596368052815
39,-2.6149943760528904,low,-2.8474537494104775,-0.3347810082152974,0.5751089576843427
40,-2.6033792204447432,low,-2.8474537494104775,-0.3347810082152974,0.5837151348341991
41,-2.591666655961521,low,-2.8377880817664485,-0.3347810082152974,0.5827278188388574
42,-2.5798558656973416,low,-2.8280413543550074,-0.3347810082152974,0.5817322228562563
43,-2.5679460258954543,low,-2.8280413543550074,-0.3347810082152974,0.5905567444226789
44,-2.5559363058907905,low,-2.8182128873797714,-0.3347810082152974,0.589626804627553
45,-2.543825868052023,low,-2.8182128873797714,-0.3347810082152974,0.598599958059062
46,-2.5316138677231494,low,-2.8083019953433426,-0.3347810082152974,0.5977374715481405
47,-2.5192994531645763,low,-2.7983079869994936,-0.3347810082152974,0.5968677519149406
48,-2.5068817654937146,low,-2.7983079869994936,-0.3347810082152974,0.6060685601944318
49,-2.494359938625079,low,-2.7882301653049577,-0.3347810082152974,0.6052687080688717
50,-2.4817330992098787,low,-2.778067827370813,-0.3347810082152974,0.6044621480955299
51,-2.469000366575105,low,-2.778067827370813,-0.3347810082152974,0.6138963869773364
52,-2.4561608526621095,low,-2.7678202644134577,-0.3347810082152974,0.613162181824312
53,-2.4432136619646636,low,-2.7574867617051755,-0.3347810082152974,0.612421819362643
54,-2.430157891466501,low,-2.7574867617051755,-0.3347810082152974,0.6220954111358119
55,-2.4169926305783367,low,-2.7470665985242873,-0.3347810082152974,0.6214299659501044
56,-2.4037169610743563,low,-2.7365590481048816,-0.3347810082152974,0.6207589401015841
57,-2.3903299570281726,low,-2.7259633775861256,-0.3347810082152974,0.6200822867888038
58,-2.376830684748247,low,-2.7259633775861256,-0.3347810082152974,0.6300844884427956
59,-2.3632182027127673,low,-2.7152788479611543,-0.3347810082152974,0.6294860425345505
60,-2.3494915615039806,low,-2.7045047140255223,-0.3347810082152974,0.628882577843545
61,-2.3356498037419753,low,-2.693640224325234,-0.3347810082152974,0.628274052280462
62,-2.321691964017907,low,-2.68268462110433,-0.3347810082152974,0.6276604234030074
63,-2.3076170688266653,low,-2.68268462110433,-0.3347810082152974,0.6380891292652446
64,-2.2934241364989765,low,-2.6716371402520336,-0.3347810082152974,0.6375578131557034
65,-2.2791121771329332,low,-2.660497011249463,-0.3347810082152974,0.6370220412380534
66,-2.2646801925249562,low,-2.6492634571158886,-0.3347810082152974,0.6364817761442856
67,-2.250127176100171,low,-2.637935694354538,-0.3347810082152974,0.6359369801930068
68,-2.2354521128422036,low,-2.637935694354538,-0.3347810082152974,0.646810376843399
69,-2.220653979222389,low,-2.626512932897954,-0.3347810082152974,0.6463522002547126
70,-2.2057317431283794,low,-2.6149943760528904,-0.3347810082152974,0.6458901812322628
71,-2.190684363792165,low,-2.6033792204447432,-0.3347810082152974,0.6454242875520155
72,-2.1755107917174787,low,-2.6033792204447432,-0.3347810082152974,0.6566670512029185
73,-2.1602099686066003,low,-2.591666655961521,-0.3347810082152974,0.6562915362327024
74,-2.144780827286545,low,-2.5798558656973416,-0.3347810082152974,0.6559128720588028
75,-2.1292222916346293,low,-2.5679460258954543,-0.3347810082152974,0.6555310322708645
76,-2.1135332765034196,low,-2.5679460258954543,-0.3347810082152974,0.6671557102417094
77,-2.097712687645045,low,-2.5559363058907905,-0.3347810082152974,0.666868156940926
78,-2.081759421634877,low,-2.543825868052023,-0.3347810082152974,0.6665781921146752
79,-2.065672365794573,low,-2.5316138677231494,-0.3347810082152974,0.6662857955390369
80,-2.049450398114467,low,-2.5192994531645763,-0.3347810082152974,0.6659909468204865
81,-2.0330923871753184,low,-2.5068817654937146,-0.3347810082152974,0.6656936253944687
82,-2.0165971920693955,low,-2.5068817654937146,-0.3347810082152974,0.6779156373926067
83,-1.9999636623209058,low,-2.494359938625079,-0.3347810082152974,0.6777183207132704
84,-1.9831906378057522,low,-2.4817330992098787,-0.3347810082152974,0.6775193492652489
85,-1.9662769486706178,low,-2.469000366575105,-0.3347810082152974,0.6773187091710573
86,-1.949221415251377,low,-2.4561608526621095,-0.3347810082152974,0.6771163864368286
87,-1.9320228479908153,low,-2.4561608526621095,-0.3347810082152974,0.6898595576487829
88,-1.914680047355663,low,-2.4432136619646636,-0.3347810082152974,0.6897624069831783
89,-1.8971918037529334,low,-2.430157891466501,-0.3347810082152974,0.6896644415771285
90,-1.879556897445557,low,-2.4169926305783367,-0.3347810082152974,0.6895656545979267
91,-1.8617740984673108,low,-2.4037169610743563,-0.3347810082152974,0.6894660391555658
92,-1.8438421665370326,low,-2.3903299570281726,-0.3347810082152974,0.6893655883022545
93,-1.8257598509721147,low,-2.3903299570281726,-0.3347810082152974,0.7027635673118622
94,-1.8075258906012763,low,-2.376830684748247,-0.3347810082152974,0.7027746343152796
95,-1.7891390136766003,low,-2.3632182027127673,-0.3347810082152974,0.7027857941305702
96,-1.7705979377848333,low,-2.3494915615039806,-0.3347810082152974,0.7027970475360881
97,-1.751901369757943,low,-2.3356498037419753,-0.3347810082152974,0.7028083953167146
98,-1.7330480055829245,low,-2.321691964017907,-0.3347810082152974,0.7028198382639133
99,-1.7140365303108505,low,-2.3076170688266653,-0.3347810082152974,0.7028313771757855
100,-1.69486561796516,low,-2.2934241364989765,-0.3347810082152974,0.7028430128571255
101,-1.675533931449173,low,-2.2934241364989765,-0.3347810082152974,0.7171667054855195
102,-1.6560401224528376,low,-2.2791121771329332,-0.3347810082152974,0.717298562389165
103,-1.636382831358687,low,-2.2646801925249562,-0.3347810082152974,0.7174315250922587
104,-1.616560687147015,low,-2.250127176100171,-0.3347810082152974,0.7175656028684314
105,-1.5965723073002485,low,-2.2354521128422036,-0.3347810082152974,0.7177008050690885
106,-1.5764162977065266,low,-2.220653979222389,-0.3347810082152974,0.7178371411240578
107,-1.5560912525624624,low,-2.2057317431283794,-0.3347810082152974,0.717974620542249
108,-1.5355957542750973,low,-2.190684363792165,-0.3347810082152974,0.7181132529123189
109,-1.5149283733630283,low,-2.190684363792165,-0.3347810082152974,0.7334266199780224
110,-1.494087668356706,low,-2.1755107917174787,-0.3347810082152974,0.7336948383763366
111,-1.4730721856978986,low,-2.1602099686066003,-0.3347810082152974,0.7339653061506672
112,-1.4518804596383124,low,-2.144780827286545,-0.3347810082152974,0.7342380421650916
113,-1.43051101213736,low,-2.1292222916346293,-0.3347810082152974,0.734513065441887
114,-1.4089623527590756,low,-2.1135332765034196,-0.3347810082152974,0.7347903951628587
115,-1.3872329785681594,low,-2.097712687645045,-0.3347810082152974,0.735070050670678
116,-1.3653213740251555,low,-2.081759421634877,-0.3347810082152974,0.7353520514702301
117,-1.3432260108807483,low,-2.065672365794573,-0.3347810082152974,0.7356364172299767
118,-1.3209453480691757,low,-2.065672365794573,-0.3347810082152974,0.752145135463429
119,-1.2984778316007413,low,-2.049450398114467,-0.3347810082152974,0.7525703340691565
120,-1.2758218944534314,low,-2.0330923871753184,-0.3347810082152974,0.7529990985434161
121,-1.252975956463624,low,-2.0165971920693955,-0.3347810082152974,0.7534314587908626
122,-1.2299384242158742,low,-1.9999636623209058,-0.3347810082152974,0.7538674449669458
123,-1.206707690931783,low,-1.9831906378057522,-0.3347810082152974,0.7543070874800077
124,-1.1832821363579291,low,-1.9662769486706178,-0.3347810082152974,0.7547504169934052
125,-1.159660126652863,low,-1.949221415251377,-0.3347810082152974,0.7551974644276507
126,-1.135840014273152,low,-1.9320228479908153,-0.3347810082152974,0.755648260962567
127,-1.111820137858473,low,-1.914680047355663,-0.3347810082152974,0.7561028380394603
128,-1.0875988221157353,low,-1.914680047355663,-0.3347810082152974,0.7740494709660468
129,-1.0631743777022389,low,-1.8971918037529334,-0.3347810082152974,0.7746583672123886
130,-1.038545101107847,low,-1.879556897445557,-0.3347810082152974,0.775272369881786
131,-1.0137092745361742,low,-1.8617740984673108,-0.3347810082152974,0.7758915217985409
132,-0.9886651657847767,low,-1.8438421665370326,-0.3347810082152974,0.7765158661460947
133,-0.9634110281243373,low,-1.8257598509721147,-0.3347810082152974,0.77714544647004
134,-0.937945100176838,low,-1.8075258906012763,-0.3347810082152974,0.7777803066811597
135,-0.9122656057927099,low,-1.7891390136766003,-0.3347810082152974,0.7784204910584887
136,-0.8863707539269572,low,-1.7705979377848333,-0.3347810082152974,0.7790660442523996
137,-0.8602587385142337,low,-1.751901369757943,-0.3347810082152974,0.779717011287721
138,-0.8339277383428803,low,-1.7330480055829245,-0.3347810082152974,0.7803734375668752
139,-0.8073759169279011,low,-1.7140365303108505,-0.3347810082152974,0.7810353688730456
140,-0.780601422382877,low,-1.69486561796516,-0.3347810082152974,0.7817028513733706
141,-0.7536023872908015,low,-1.675533931449173,-0.3347810082152974,0.7823759316221615
142,-0.7263769285738371,low,-1.675533931449173,-0.3347810082152974,0.802548465560488
143,-0.6989231473619806,low,-1.6560401224528376,-0.3347810082152974,0.8033963646319207
144,-0.6712391288606185,low,-1.636382831358687,-0.3347810082152974,0.8042513744901136
145,-0.6433229422169813,low,-1.616560687147015,-0.3347810082152974,0.8051135547686854
146,-0.6151726403854738,low,-1.5965723073002485,-0.3347810082152974,0.8059829656013603
147,-0.5867862599918752,low,-1.5764162977065266,-0.3347810082152974,0.8068596676261686
148,-0.5581618211964026,low,-1.5560912525624624,-0.3347810082152974,0.8077437219896701
149,-0.5292973275556232,low,-1.5355957542750973,-0.3347810082152974,0.8086351903512237
150,-0.5001907658832119,low,-1.5149283733630283,-0.3347810082152974,0.8095341348872855
151,-0.4708401061095375,low,-1.494087668356706,-0.3347810082152974,0.8104406182957461
152,-0.4412433011400765,low,-1.4730721856978986,-0.3347810082152974,0.8113547038003012
153,-0.411398286712632,low,-1.4518804596383124,-0.3347810082152974,0.8122764551548649
154,-0.38130298125336193,low,-1.43051101213736,-0.3347810082152974,0.813205936648014
155,-0.3509552857315965,low,-1.4089623527590756,-0.3347810082152974,0.8141432131074735
156,-0.3203530835134396,low,-1.3872329785681594,-0.3347810082152974,0.8150883499046362
157,-0.2894942402141423,low,-1.3653213740251555,-0.3347810082152974,0.8160414129591221
158,-0.25837660354923564,low,-1.3432260108807483,-0.3347810082152974,0.8170024687433776
159,-0.22699800318441987,low,-1.3432260108807483,-0.3347810082152974,0.8402522470988846
160,-0.19535625058418882,low,-1.3209453480691757,-0.3347810082152974,0.8414163436514053
161,-0.16344913885919254,low,-1.2984778316007413,-0.3347810082152974,0.8425902027365588
162,-0.13127444261231114,low,-1.2758218944534314,-0.3347810082152974,0.8437739062264564
163,-0.09882991778344374,low,-1.252975956463624,-0.3347810082152974,0.8449675366798204
164,-0.06611330149299377,low,-1.2299384242158742,-0.3347810082152974,0.8461711773477382
165,-0.03312231188404269,low,-1.206707690931783,-0.3347810082152974,0.8473849121794719
166,0.0001453520368031036,low,-1.1832821363579291,-0.3347810082152974,0.8486088258283125
167,0.03369201055989279,low,-1.159660126652863,-0.3347810082152974,0.8498430036574827
168,0.06752000343436926,low,-1.135840014273152,-0.3347810082152974,0.8510875317460931
169,0.10163169003135053,low,-1.111820137858473,-0.3347810082152974,0.8523424968951445
170,0.13602944950849327,low,-1.0875988221157353,-0.3347810082152974,0.8536079866335826
171,0.17071568097592138,low,-1.0631743777022389,-0.3347810082152974,0.8548840892243996
172,0.20569280366356502,low,-1.038545101107847,-0.3347810082152974,0.8561708936707966
173,0.24096325708988342,low,-1.0137092745361742,-0.3347810082152974,0.8574684897223844
174,0.2765295012320186,low,-0.9886651657847767,-0.3347810082152974,0.8587769678814499
175,0.3123940166973638,low,-0.9634110281243373,-0.3347810082152974,0.8600964194092618
176,0.34855930489657894,low,-0.937945100176838,-0.3347810082152974,0.8614269363324393
177,0.38502788821805556,low,-0.9122656057927099,-0.3347810082152974,0.86276861144937
178,0.42180231020384085,low,-0.8863707539269572,-0.3347810082152974,0.8641215383366837
179,0.4588851357270416,low,-0.8602587385142337,-0.3347810082152974,0.865485811355776
180,0.4962789511707122,low,-0.8339277383428803,-0.3347810082152974,0.8668615256593903
181,0.5339863646082463,low,-0.8073759169279011,-0.3347810082152974,0.8682487771982562
182,0.5720100059852804,low,-0.780601422382877,-0.3347810082152974,0.8696476627277807
183,0.6103525273031236,low,-0.7536023872908015,-0.3347810082152974,0.8710582798147977
184,0.6490166028037176,low,-0.7263769285738371,-0.3347810082152974,0.8724807268443672
185,0.6880049291561647,low,-0.6989231473619806,-0.3347810082152974,0.8739151030266492
186,0.7273202256448004,low,-0.6712391288606185,-0.3347810082152974,0.8753615084038089
187,0.7669652343588602,low,-0.6433229422169813,-0.3347810082152974,0.8768200438570042
188,0.8069427203837263,low,-0.6151726403854738,-0.3347810082152974,0.8782908111134191
189,0.8472554719937788,low,-0.6151726403854738,-0.3347810082152974,0.9081602931469537
190,0.8879063008468755,low,-0.5867862599918752,-0.3347810082152974,0.9098938910128664
191,0.9288980421804442,low,-0.5581618211964026,-0.3347810082152974,0.9116420274543819
192,0.9702335550092371,low,-0.5292973275556232,-0.3347810082152974,0.9134048243972275
193,1.0119157223247335,low,-0.5001907658832119,-0.3347810082152974,0.9151824047896446
194,1.0539474512962128,low,-0.4708401061095375,-0.3347810082152974,0.9169748926109593
195,1.096331673473526,low,-0.4412433011400765,-0.3347810082152974,0.9187824128802375
196,1.1390713449915557,low,-0.411398286712632,-0.3347810082152974,0.9206050916649979
197,1.1821694467763955,low,-0.38130298125336193,-0.3347810082152974,0.922443056090007
198,1.2256289847532544,low,-0.3509552857315965,-0.3347810082152974,0.9242964343461428
199,1.2694529900561164,low,-0.3203530835134396,-0.3347810082152974,0.926165355699341
200,1.313644519239145,low,-0.2894942402141423,-0.3347810082152974,0.9280499504996087
201,1.358206654489865,low,-0.25837660354923564,-0.3347810082152974,0.9299503501901121
202,1.4031425038441387,low,-0.22699800318441987,-0.3347810082152974,0.9318666873163506
203,1.4484552014029308,low,-0.19535625058418882,-0.3347810082152974,0.933799095535393
204,1.494147907550909,low,-0.16344913885919254,-0.3347810082152974,0.93574770962521
205,1.5402238091768625,low,-0.13127444261231114,-0.3347810082152974,0.9377126654940662
206,1.586686119895977,low,-0.09882991778344374,-0.3347810082152974,0.9396941001900014
207,1.6335380802739694,low,-0.06611330149299377,-0.3347810082152974,0.9416921519103887
208,1.6807829580531104,low,-0.03312231188404269,-0.3347810082152974,0.9437069600115771
209,1.7284240483801305,low,0.0001453520368031036,-0.3347810082152974,0.9457386650186037
210,1.7764646740360508,low,0.03369201055989279,-0.3347810082152974,0.947787408635006
211,1.8249081856679243,low,0.06752000343436926,-0.3347810082152974,0.9498533337526904
212,1.8737579620225402,low,0.10163169003135053,-0.3347810082152974,0.9519365844619121
213,1.923017410182073,low,0.13602944950849327,-0.3347810082152974,0.9540373060613152
214,1.972689965801714,low,0.17071568097592138,-0.3347810082152974,0.9561556450680753
215,2.022779093349297,low,0.20569280366356502,-0.3347810082152974,0.9582917492281091
216,2.0732882863469264,low,0.24096325708988342,-0.3347810082152974,0.9604457675263856
217,2.124221067614643,low,0.2765295012320186,-0.3347810082152974,0.9626178501973139
218,2.175580989516124,low,0.3123940166973638,-0.3347810082152974,0.9648081487352254
219,2.227371634206447,low,0.34855930489657894,-0.3347810082152974,0.9670168159049366
220,2.279596613881931,low,0.38502788821805556,-0.3347810082152974,0.9692440057524041
221,2.332259571032072,low,0.42180231020384085,-0.3347810082152974,0.9714898736154687
222,2.385364178693596,low,0.4588851357270416,-0.3347810082152974,0.9737545761346915
223,2.4389141407066353,low,0.4962789511707122,-0.3347810082152974,0.9760382712642779
224,2.4929131919730594,low,0.5339863646082463,-0.3347810082152974,0.9783411182830946
225,2.54736509871697,low,0.5720100059852804,-0.3347810082152974,0.9806632778057778
226,2.6022736587473743,low,0.6103525273031236,-0.3347810082152974,0.9830049117939308
227,2.657642701723079,low,0.6490166028037176,-0.3347810082152974,0.9853661835674337
228,2.7134760894197854,low,0.6880049291561647,-0.3347810082152974,0.98774725781582
229,2.7697777159994343,low,0.7273202256448004,-0.3347810082152974,0.9901483006097709
230,2.8265515082818133,low,0.7669652343588602,-0.3347810082152974,0.9925694794126971
231,2.8838014260184295,low,0.8069427203837263,-0.3347810082152974,0.995010963092414
232,2.9415314621686957,low,0.8472554719937788,-0.3347810082152974,0.9974729219329297
233,2.9997456431784153,low,0.8879063008468755,-0.3347810082152974,0.9999555276463079
234,3.058448029260621,low,0.9288980421804442,-0.3347810082152974,1.0024589533846595
235,3.1176427146787438,low,0.9702335550092371,-0.3347810082152974,1.0049833737522018
236,3.1773338280321894,low,1.0119157223247335,-0.3347810082152974,1.0075289648174515
237,3.237525532544282,low,1.0539474512962128,-0.3347810082152974,1.0100959041255009
238,3.298222026352634,low,1.096331673473526,-0.3347810082152974,1.0126843707103963
239,3.359427542801951,low,1.1390713449915557,-0.3347810082152974,1.0152945451076278
240,3.4211463507392903,low,1.1821694467763955,-0.3347810082152974,1.0179266093667212
241,3.4833827548117986,low,1.2256289847532544,-0.3347810082152974,1.0205807470639394
242,3.5461410957669415,low,1.2694529900561164,-0.3347810082152974,1.0232571433150768
243,3.609425750755256,low,1.313644519239145,-0.3347810082152974,1.0259559847883777
244,3.673241133635635,low,1.358206654489865,-0.3347810082152974,1.0286774597175516
245,3.737591695283185,low,1.4031425038441387,-0.3347810082152974,1.0314217579149036
246,3.8024819238996512,low,1.4484552014029308,-0.3347810082152974,1.0341890707845778
247,3.8679163453264547,low,1.494147907550909,-0.3347810082152974,1.0369795913358972
248,3.933899523360351,low,1.5402238091768625,-0.3347810082152974,1.0397935141968317
249,4.000436060071737,low,1.586686119895977,-0.3347810082152974,1.0426310356275712
250,4.06753059612563,low,1.6335380802739694,-0.3347810082152974,1.045492353534219
251,4.135187811105331,low,1.6807829580531104,-0.3347810082152974,1.0483776674825815
252,4.203412423838817,low,1.7284240483801305,-0.3347810082152974,1.0512871787121063
253,4.272209192727846,low,1.7764646740360508,-0.3347810082152974,1.0542210901498952
254,4.341582916079851,low,1.8249081856679243,-0.3347810082152974,1.0571796064248784
255,4.4115384324425975,low,1.8737579620225402,-0.3347810082152974,1.0601629338820757
256,4.482080620941652,low,1.923017410182073,-0.3347810082152974,1.0631712805969888
257,4.5532144016206875,low,1.972689965801714,-0.3347810082152974,1.0662048563901196
258,4.6249447357846325,low,2.022779093349297,-0.3347810082152974,1.0692638728415962
259,4.697276626345701,low,2.0732882863469264,-0.3347810082152974,1.072348543305936
260,4.770215118172331,low,2.124221067614643,-0.3347810082152974,1.0754590829269217
261,4.843765298441049,low,2.175580989516124,-0.3347810082152974,1.0785957086526161
262,4.917932296991262,low,2.227371634206447,-0.3347810082152974,1.0817586392504746
263,4.992721286683068,low,2.279596613881931,-0.3347810082152974,1.0849480953226252
264,5.068137483758026,low,2.332259571032072,-0.3347810082152974,1.088164299321242
265,5.144186148202973,low,2.385364178693596,-0.3347810082152974,1.09140747556406
266,5.2208725841168935,low,2.4389141407066353,-0.3347810082152974,1.0946778502500285
267,5.298202140080852,low,2.4929131919730594,-0.3347810082152974,1.0979756514750796
268,5.376180209531036,low,2.54736509871697,-0.3347810082152974,1.1013011092480376
269,5.454812231134936,low,2.6022736587473743,-0.3347810082152974,1.1046544555066724
270,5.53410368917066,low,2.657642701723079,-0.3347810082152974,1.1080359241338584
271,5.614060113909449,low,2.7134760894197854,-0.3347810082152974,1.1114457509738989
272,5.694687082001385,low,2.7697777159994343,-0.3347810082152974,1.1148841738489716
273,5.775990216864352,low,2.8265515082818133,-0.3347810082152974,1.1183514325757198
274,5.857975189076232,low,2.8838014260184295,-0.3347810082152974,1.1218477689819721
275,5.940647716770419,low,2.9415314621686957,-0.3347810082152974,1.1253734269236126
276,6.024013566034631,low,2.9997456431784153,-0.3347810082152974,1.1289286523015933
277,6.108078551313071,low,3.058448029260621,-0.3347810082152974,1.13251369307907
278,6.19284853581196,low,3.1176427146787438,-0.3347810082152974,1.1361287992987172
279,6.278329431908489,low,3.1773338280321894,-0.3347810082152974,1.1397742231001562
280,6.364527201563156,low,3.237525532544282,-0.3347810082152974,1.1434502187375326
281,6.451447856735621,low,3.298222026352634,-0.3347810082152974,1.1471570425972697
282,6.539097459803983,low,3.359427542801951,-0.3347810082152974,1.1508949532159294
283,6.627482123987649,low,3.4211463507392903,-0.3347810082152974,1.1546642112982681
284,6.716608013773664,low,3.4833827548117986,-0.3347810082152974,1.1584650797353921
285,6.806481345346681,low,3.5461410957669415,-0.3347810082152974,1.162297823623109
286,6.897108387022531,low,3.609425750755256,-0.3347810082152974,1.1661627102804246
287,6.988495459685378,low,3.673241133635635,-0.3347810082152974,1.1700600092681714
288,7.080648937228615,low,3.737591695283185,-0.3347810082152974,1.1739899924078214
289,7.173575246999375,low,3.8024819238996512,-0.3347810082152974,1.1779529338004258
290,7.2672808702468625,low,3.8679163453264547,-0.3347810082152974,1.181949109845764
291,7.3617723425743495,low,3.933899523360351,-0.3347810082152974,1.185978799261589
292,7.457056254395045,low,4.000436060071737,-0.3347810082152974,1.1900422831030903
293,7.553139251391727,low,4.06753059612563,-0.3347810082152974,1.194139844782483
294,7.6500280349802505,low,4.135187811105331,-0.3347810082152974,1.198271770088775
295,7.747729362776983,low,4.203412423838817,-0.3347810082152974,1.202438347207715
296,7.846250049070065,low,4.272209192727846,-0.3347810082152974,1.2066398667418667
297,7.945596965294737,low,4.341582916079851,-0.3347810082152974,1.2108766217309128
298,8.04577704051254,low,4.4115384324425975,-0.3347810082152974,1.2151489076720443
299,8.146797261894648,low,4.482080620941652,-0.3347810082152974,1.2194570225406256
300,8.248664675209138,low,4.5532144016206875,-0.3347810082152974,1.2238012668109226
301,8.351386385312464,low,4.6249447357846325,-0.3347810082152974,1.2281819434771126
302,8.45496955664494,low,4.770215118172331,-0.3347810082152974,1.1596608662477461
303,8.559421413730457,low,4.843765298441049,-0.3347810082152974,1.163503638431501
304,8.66474924168038,low,4.917932296991262,-0.3347810082152974,1.1673786374857613
305,8.770960386701615,low,4.992721286683068,-0.3347810082152974,1.171286133676647
306,8.878062256609033,low,5.068137483758026,-0.3347810082152974,1.175226399536852
307,8.986062321342073,low,5.144186148202973,-0.3347810082152974,1.1791997098846085
308,9.094968113485807,low,5.2208725841168935,-0.3347810082152974,1.1832063418428884
309,9.204787228796247,low,5.298202140080852,-0.3347810082152974,1.1872465748587002
310,9.315527326730175,low,5.376180209531036,-0.3347810082152974,1.1913206907226161
311,9.427196130979317,low,5.454812231134936,-0.3347810082152974,1.1954289735883892
312,9.539801430009051,low,5.53410368917066,-0.3347810082152974,1.199571709992786
313,9.653351077601656,low,5.614060113909449,-0.3347810082152974,1.2037491888755927
314,9.767852993404025,low,5.694687082001385,-0.3347810082152974,1.2079617015997304
315,9.883315163480088,low,5.775990216864352,-0.3347810082152974,1.2122095419716032
316,9.999745640867753,low,5.857975189076232,-0.3347810082152974,1.216493006261575
317,10.11715254614063,low,5.940647716770419,-0.3347810082152974,1.2208123932246506
318,10.235544067974354,low,6.024013566034631,-0.3347810082152974,1.2251680041212838
319,10.354928463717773,low,6.108078551313071,-0.3347810082152974,1.2295601427384302
320,10.475314059968804,low,6.19284853581196,-0.3347810082152974,1.2339891154106972
321,10.596709253155218,low,6.278329431908489,-0.3347810082152974,1.2384552310417147
322,10.719122510120272,low,6.364527201563156,-0.3347810082152974,1.242958801125721
323,10.842562368713184,low,6.451447856735621,-0.3347810082152974,1.247500139769218
324,10.967037438384683,low,6.539097459803983,-0.3347810082152974,1.2520795637129618
325,11.092556400787418,low,6.627482123987649,-0.3347810082152974,1.256697392353959
326,11.219128010381532,low,6.716608013773664,-0.3347810082152974,1.2613539477678453
327,11.34676109504519,low,6.806481345346681,-0.3347810082152974,1.266049554731266
328,11.475464556690353,low,6.897108387022531,-0.3347810082152974,1.2707845407445717
329,11.605247371883586,low,6.988495459685378,-0.3347810082152974,1.2755592360546437
330,11.736118592472204,low,7.080648937228615,-0.3347810082152974,1.2803739736779391
331,11.86808734621555,low,7.173575246999375,-0.3347810082152974,1.2852290894237104
332,12.001162837421635,low,7.2672808702468625,-0.3347810082152974,1.2901249219174087
333,12.135354347589146,low,7.3617723425743495,-0.3347810082152974,1.2950618126243576
334,12.270671236054714,low,7.457056254395045,-0.3347810082152974,1.3000401058734887
335,12.407122940645767,low,7.553139251391727,-0.3347810082152974,1.3050601488814308
336,12.544718978338732,low,7.6500280349802505,-0.3347810082152974,1.3101222917766933
337,12.68346894592284,low,7.747729362776983,-0.3347810082152974,1.3152268876240711
338,12.823382520669433,low,7.846250049070065,-0.3347810082152974,1.320374292449305
339,12.964469461006956,low,7.945596965294737,-0.3347810082152974,1.3255648652638872
340,13.10673960720153,low,8.04577704051254,-0.3347810082152974,1.3307989680901215
341,13.250202882043276,low,8.146797261894648,-0.3347810082152974,1.3360769659863276
342,13.394869291538445,low,8.248664675209138,-0.3347810082152974,1.341399227072392
343,13.540748925607211,low,8.351386385312464,-0.3347810082152974,1.3467661225553194
344,13.687851958787494,low,8.45496955664494,-0.3347810082152974,1.3521780267552526
345,13.83618865094451,low,8.559421413730457,-0.3347810082152974,1.3576353171314821
346,13.985769347986434,low,8.66474924168038,-0.3347810082152974,1.3631383743088143
347,14.13660448258591,low,8.770960386701615,-0.3347810082152974,1.3686875821041138
348,14.288704574907776,low,8.878062256609033,-0.3347810082152974,1.3742833275530764
349,14.442080233342722,low,8.986062321342073,-0.3347810082152974,1.3799260009372158
350,14.59674215524722,low,9.094968113485807,-0.3347810082152974,1.385615995811067
351,14.752701127689658,low,9.204787228796247,-0.3347810082152974,1.3913537090296977
352,14.90996802820262,low,9.315527326730175,-0.3347810082152974,1.3971395407762994
353,15.068553825541628,low,9.427196130979317,-0.3347810082152974,1.4029738945901773
354,15.228469580450103,low,9.539801430009051,-0.3347810082152974,1.4088571773948502
355,15.389726446430874,low,9.653351077601656,-0.3347810082152974,1.4147897995264405
356,15.552335670524023,low,9.767852993404025,-0.3347810082152974,1.4207721747622983
357,15.716308594091402,low,9.883315163480088,-0.3347810082152974,1.4268047203498675
358,15.88165665360756,low,9.999745640867753,-0.3347810082152974,1.4328878570357748
359,16.048391381457456,low,10.11715254614063,-0.3347810082152974,1.439022009095158
360,16.216524406740795,low,10.235544067974354,-0.3347810082152974,1.4452076043613307
361,16.38606745608307,low,10.475314059968804,-0.3347810082152974,1.3310594780044749
362,16.557032354453497,low,10.596709253155218,-0.3347810082152974,1.3363396606305908
363,16.729431025989722,low,10.719122510120272,-0.3347810082152974,1.3416641247684655
364,16.903275494829526,low,10.842562368713184,-0.3347810082152974,1.3470332417788224
365,17.0785778859494,low,10.967037438384683,-0.3347810082152974,1.3524473861366886
366,17.255350426010295,low,11.092556400787418,-0.3347810082152974,1.3579069354576365
367,17.433605444210308,low,11.219128010381532,-0.3347810082152974,1.3634122705240053
368,17.61335537314462,low,11.34676109504519,-0.3347810082152974,1.368963775311535
369,17.794612749672684,low,11.475464556690353,-0.3347810082152974,1.3745618370161328
370,17.977390215792497,low,11.605247371883586,-0.3347810082152974,1.3802068460808545
371,18.161700519522462,low,11.736118592472204,-0.3347810082152974,1.3858991962231588
372,18.34755651579041,low,11.86808734621555,-0.3347810082152974,1.3916392844623537
373,18.53497116733025,low,12.001162837421635,-0.3347810082152974,1.3974275111473222
374,18.72395754558602,low,12.135354347589146,-0.3347810082152974,1.4032642799843593
375,18.914528831623624,low,12.270671236054714,-0.3347810082152974,1.409149998065459
376,19.106698317050096,low,12.407122940645767,-0.3347810082152974,1.4150850758965792
377,19.300479404940674,low,12.544718978338732,-0.3347810082152974,1.421069927426343
378,19.495885610773634,low,12.68346894592284,-0.3347810082152974,1.427104970074911
379,19.69293056337288,low,12.823382520669433,-0.3347810082152974,1.4331906247630606
380,19.891628005858582,low,12.964469461006956,-0.3347810082152974,1.4393273159415774
381,20.091991796605615,low,13.10673960720153,-0.3347810082152974,1.4455154716208227
382,20.294035910210216,low,13.250202882043276,-0.3347810082152974,1.4517555234006494
383,20.497774438464575,low,13.394869291538445,-0.3347810082152974,1.458047906500397
384,20.703221591339762,low,13.540748925607211,-0.3347810082152974,1.464393059789387
385,20.910391697976756,low,13.687851958787494,-0.3347810082152974,1.4707914258173904
386,21.119299207685852,low,13.83618865094451,-0.3347810082152974,1.4772434508455898
387,21.32995869095451,low,13.985769347986434,-0.3347810082152974,1.4837495848776783
388,21.542384840463484,low,14.13660448258591,-0.3347810082152974,1.4903102816912348
389,21.7565924721117,low,14.288704574907776,-0.3347810082152974,1.4969259988693793
390,21.972596526049472,low,14.442080233342722,-0.3347810082152974,1.5035971978326792
391,22.19041206772067,low,14.59674215524722,-0.3347810082152974,1.510324343871389
392,22.41005428891332,low,14.752701127689658,-0.3347810082152974,1.5171079061777704
393,22.631538508819318,low,14.90996802820262,-0.3347810082152974,1.5239483578789894
394,22.85488017510277,low,15.068553825541628,-0.3347810082152974,1.5308461760699572
395,23.08009486497746,low,15.228469580450103,-0.3347810082152974,1.5378018418467079
396,23.30719828629333,low,15.389726446430874,-0.3347810082152974,1.544815840339922
397,23.536206278631937,low,15.552335670524023,-0.3347810082152974,1.5518886607487445
398,23.767134814411346,low,15.716308594091402,-0.3347810082152974,1.5590207963749307
399,24.0,low,15.88165665360756,-0.3347810082152974,1.5662127446572356
400,-3.0,medium,-3.0,0.0,0.7771686991899882
401,-2.99161364011285,medium,-3.0,0.0,0.7833825202756595
402,-2.9831569491935435,medium,-3.0,0.0,0.7896484527012295
403,-2.9746293374207333,medium,-3.0,0.0,0.7959669334911492
404,-2.9660302100266183,medium,-3.0,0.0,0.8023384033349132
405,-2.9573589672554608,medium,-3.0,0.0,0.8087633066177968
406,-2.9486150043217556,medium,-3.0,0.0,0.815242091451851
407,-2.939797711368048,medium,-3.0,0.0,0.8217752097071553
408,-2.9309064734224006,medium,-3.0,0.0,0.8283631170433337
409,-2.9219406703554984,medium,-3.0,0.0,0.8350062729413366
410,-2.9128996768374007,medium,-3.0,0.0,0.8417051407354856
411,-2.903782862293922,medium,-2.99161364011285,0.0,0.8400738277586437
412,-2.8945895908626573,medium,-2.99161364011285,0.0,0.8468855249233962
413,-2.88531922134863,medium,-2.9831569491935435,0.0,0.8452976565127082
414,-2.8759711071795713,medium,-2.9831569491935435,0.0,0.8522240834388848
415,-2.866544596360825,medium,-2.9746293374207333,0.0,0.8506809861011857
416,-2.857039031429872,medium,-2.9746293374207333,0.0,0.8577240751879871
417,-2.8474537494104775,medium,-2.9746293374207333,0.0,0.8648262301545877
418,-2.8377880817664485,medium,-2.9660302100266183,0.0,0.8633888189545971
419,-2.8280413543550074,medium,-2.9660302100266183,0.0,0.8706105958781354
420,-2.8182128873797714,medium,-2.9573589672554608,0.0,0.8692216944508218
421,-2.8083019953433426,medium,-2.9573589672554608,0.0,0.8765651081299959
422,-2.7983079869994936,medium,-2.9486150043217556,0.0,0.8752261433853787
423,-2.7882301653049577,medium,-2.9486150043217556,0.0,0.8826932425542444
424,-2.778067827370813,medium,-2.939797711368048,0.0,0.8814056705503455
425,-2.7678202644134577,medium,-2.939797711368048,0.0,0.8889985384498891
426,-2.7574867617051755,medium,-2.9309064734224006,0.0,0.8877638449265666
427,-2.7470665985242873,medium,-2.9309064734224006,0.0,0.8954845998859087
428,-2.7365590481048816,medium,-2.9219406703554984,0.0,0.8943043008080376
429,-2.7259633775861256,medium,-2.9219406703554984,0.0,0.9021550968354246
430,-2.7152788479611543,medium,-2.9128996768374007,0.0,0.9010307389455998
431,-2.7045047140255223,medium,-2.9128996768374007,0.0,0.9090137663293469
432,-2.693640224325234,medium,-2.903782862293922,0.0,0.9079469277102445
433,-2.68268462110433,medium,-2.8945895908626573,0.0,0.9068711421985403
434,-2.6716371402520336,medium,-2.8945895908626573,0.0,0.9150567042764013
435,-2.660497011249463,medium,-2.88531922134863,0.0,0.9140405439096992
436,-2.6492634571158886,medium,-2.88531922134863,0.0,0.9223639758255167
437,-2.637935694354538,medium,-2.8759711071795713,0.0,0.9214090968678181
438,-2.626512932897954,medium,-2.866544596360825,0.0,0.920446209951532
439,-2.6149943760528904,medium,-2.866544596360825,0.0,0.9289808128499877
440,-2.6033792204447432,medium,-2.857039031429872,0.0,0.9280814250688909
441,-2.591666655961521,medium,-2.8474537494104775,0.0,0.9271744946981837
442,-2.5798558656973416,medium,-2.8474537494104775,0.0,0.9359256261270237
443,-2.5679460258954543,medium,-2.8377880817664485,0.0,0.9350844800494174
444,-2.5559363058907905,medium,-2.8280413543550074,0.0,0.9342362798180865
445,-2.543825868052023,medium,-2.8280413543550074,0.0,0.9432094332495953
446,-2.5316138677231494,medium,-2.8182128873797714,0.0,0.9424293717998669
447,-2.5192994531645763,medium,-2.8083019953433426,0.0,0.9416427684740869
448,-2.5068817654937146,medium,-2.8083019953433426,0.0,0.9508435767535783
449,-2.494359938625079,medium,-2.7983079869994936,0.0,0.9501275379787049
450,-2.4817330992098787,medium,-2.7882301653049577,0.0,0.9494054942449721
451,-2.469000366575105,medium,-2.7882301653049577,0.0,0.9588397331267788
452,-2.4561608526621095,medium,-2.778067827370813,0.0,0.9581907529969647
453,-2.4432136619646636,medium,-2.7678202644134577,0.0,0.9575363302862225
454,-2.430157891466501,medium,-2.7678202644134577,0.0,0.9672099220593917
455,-2.4169926305783367,medium,-2.7574867617051755,0.0,0.9666311373462899
456,-2.4037169610743563,medium,-2.7470665985242873,0.0,0.9660474987362873
457,-2.3903299570281726,medium,-2.7470665985242873,0.0,0.975966515942263
458,-2.376830684748247,medium,-2.7365590481048816,0.0,0.9754611671768492
459,-2.3632182027127673,medium,-2.7259633775861256,0.0,0.9749515803748192
460,-2.3494915615039806,medium,-2.7259633775861256,0.0,0.9851222496194458
461,-2.3356498037419753,medium,-2.7152788479611543,0.0,0.9846936841316796
462,-2.321691964017907,medium,-2.7045047140255223,0.0,0.9842615245394972
463,-2.3076170688266653,medium,-2.693640224325234,0.0,0.9838257407014466
464,-2.2934241364989765,medium,-2.693640224325234,0.0,0.9943419054442015
465,-2.2791121771329332,medium,-2.6716371402520336,0.0,0.9829431784559215
466,-2.2646801925249562,medium,-2.6716371402520336,0.0,0.9936364674957281
467,-2.250127176100171,medium,-2.660497011249463,0.0,0.9932793053032292
468,-2.2354521128422036,medium,-2.6492634571158886,0.0,0.992919147820047
469,-2.220653979222389,medium,-2.637935694354538,0.0,0.992555969926594
470,-2.2057317431283794,medium,-2.637935694354538,0.0,1.0036125077492077
471,-2.190684363792165,medium,-2.626512932897954,0.0,1.0033390082205236
472,-2.1755107917174787,medium,-2.6149943760528904,0.0,1.003063215026363
473,-2.1602099686066003,medium,-2.6033792204447432,0.0,1.0027851089312219
474,-2.144780827286545,medium,-2.6033792204447432,0.0,1.0142172350215017
475,-2.1292222916346293,medium,-2.591666655961521,0.0,1.0140326705522287
476,-2.1135332765034196,medium,-2.5798558656973416,0.0,1.013846558258894
477,-2.097712687645045,medium,-2.5679460258954543,0.0,1.0136588851608872
478,-2.081759421634877,medium,-2.5679460258954543,0.0,1.0254793581734036
479,-2.065672365794573,medium,-2.5559363058907905,0.0,1.0253892419219752
480,-2.049450398114467,medium,-2.543825868052023,0.0,1.0252983699232308
481,-2.0330923871753184,medium,-2.5316138677231494,0.0,1.025206735839201
482,-2.0165971920693955,medium,-2.5192994531645763,0.0,1.0251143332787658
483,-1.9999636623209058,medium,-2.5068817654937146,0.0,1.025021155797203
484,-1.9831906378057522,medium,-2.494359938625079,0.0,1.0249271968957467
485,-1.9662769486706178,medium,-2.494359938625079,0.0,1.037459289436329
486,-1.949221415251377,medium,-2.4817330992098787,0.0,1.0374696411998952
487,-1.9320228479908153,medium,-2.469000366575105,0.0,1.0374800797770756
488,-1.914680047355663,medium,-2.4561608526621095,0.0,1.0374906058959215
489,-1.8971918037529334,medium,-2.4561608526621095,0.0,1.0504484109880343
490,-1.879556897445557,medium,-2.4432136619646636,0.0,1.050567694199551
491,-1.8617740984673108,medium,-2.430157891466501,0.0,1.0506879777630078
492,-1.8438421665370326,medium,-2.4169926305783367,0.0,1.0508092700677159
493,-1.8257598509721147,medium,-2.4037169610743563,0.0,1.0509315795733432
494,-1.8075258906012763,medium,-2.3903299570281726,0.0,1.0510549148105026
495,-1.7891390136766003,medium,-2.3903299570281726,0.0,1.0646785566612729
496,-1.7705979377848333,medium,-2.376830684748247,0.0,1.0649171789956517
497,-1.751901369757943,medium,-2.3632182027127673,0.0,1.065157802502804
498,-1.7330480055829245,medium,-2.3494915615039806,0.0,1.0654004439652844
499,-1.7140365303108505,medium,-2.3356498037419753,0.0,1.0656451203063928
500,-1.69486561796516,medium,-2.321691964017907,0.0,1.065891848591353
501,-1.675533931449173,medium,-2.3076170688266653,0.0,1.0661406460285057
502,-1.6560401224528376,medium,-2.3076170688266653,0.0,1.0805844622981944
503,-1.636382831358687,medium,-2.2934241364989765,0.0,1.0809564772815763
504,-1.616560687147015,medium,-2.2791121771329332,0.0,1.081331612116491
505,-1.5965723073002485,medium,-2.2646801925249562,0.0,1.0817098929671385
506,-1.5764162977065266,medium,-2.250127176100171,0.0,1.082091346217137
507,-1.5560912525624624,medium,-2.2354521128422036,0.0,1.0824759984713705
508,-1.5355957542750973,medium,-2.220653979222389,0.0,1.0828638765578402
509,-1.5149283733630283,medium,-2.2057317431283794,0.0,1.0832550075295342
510,-1.494087668356706,medium,-2.2057317431283794,0.0,1.0986967980025346
511,-1.4730721856978986,medium,-2.190684363792165,0.0,1.0992207095515292
512,-1.4518804596383124,medium,-2.1755107917174787,0.0,1.0997490148113227
513,-1.43051101213736,medium,-2.1602099686066003,0.0,1.1002817506291553
514,-1.4089623527590756,medium,-2.144780827286545,0.0,1.1008189541612814
515,-1.3872329785681594,medium,-2.1292222916346293,0.0,1.1013606628755597
516,-1.3653213740251555,medium,-2.1135332765034196,0.0,1.1019069145540699
517,-1.3432260108807483,medium,-2.097712687645045,0.0,1.102457747295746
518,-1.3209453480691757,medium,-2.081759421634877,0.0,1.1030131995190304
519,-1.2984778316007413,medium,-2.065672365794573,0.0,1.10357330996456
520,-1.2758218944534314,medium,-2.049450398114467,0.0,1.104138117697862
521,-1.252975956463624,medium,-2.049450398114467,0.0,1.1210656730512314
522,-1.2299384242158742,medium,-2.0330923871753184,0.0,1.1217771780366559
523,-1.206707690931783,medium,-2.0165971920693955,0.0,1.1224946499589485
524,-1.1832821363579291,medium,-1.9999636623209058,0.0,1.1232181388589906
525,-1.159660126652863,medium,-1.9831906378057522,0.0,1.1239476951973235
526,-1.135840014273152,medium,-1.9662769486706178,0.0,1.1246833698576668
527,-1.111820137858473,medium,-1.949221415251377,0.0,1.1254252141504715
528,-1.0875988221157353,medium,-1.9320228479908153,0.0,1.1261732798164963
529,-1.0631743777022389,medium,-1.914680047355663,0.0,1.1269276190304156
530,-1.038545101107847,medium,-1.914680047355663,0.0,1.1451765280071895
531,-1.0137092745361742,medium,-1.8971918037529334,0.0,1.1460902352994609
532,-0.9886651657847767,medium,-1.879556897445557,0.0,1.1470116052699164
533,-0.9634110281243373,medium,-1.8617740984673108,0.0,1.1479407021805335
534,-0.937945100176838,medium,-1.8438421665370326,0.0,1.1488775908322135
535,-0.9122656057927099,medium,-1.8257598509721147,0.0,1.1498223365693003
536,-0.8863707539269572,medium,-1.8075258906012763,0.0,1.15077500528414
537,-0.8602587385142337,medium,-1.7891390136766003,0.0,1.1517356634216758
538,-0.8339277383428803,medium,-1.7705979377848333,0.0,1.1527043779840813
539,-0.8073759169279011,medium,-1.751901369757943,0.0,1.1536812165354355
540,-0.780601422382877,medium,-1.7330480055829245,0.0,1.1546662472064324
541,-0.7536023872908015,medium,-1.7140365303108505,0.0,1.1556595386991362
542,-0.7263769285738371,medium,-1.69486561796516,0.0,1.1566611602917722
543,-0.6989231473619806,medium,-1.675533931449173,0.0,1.1576711818435534
544,-0.6712391288606185,medium,-1.675533931449173,0.0,1.178183482795897
545,-0.6433229422169813,medium,-1.6560401224528376,0.0,1.1793739982898055
546,-0.6151726403854738,medium,-1.636382831358687,0.0,1.1805744978750963
547,-0.5867862599918752,medium,-1.616560687147015,0.0,1.1817850652819546
548,-0.5581618211964026,medium,-1.5965723073002485,0.0,1.1830057849427535
549,-0.5292973275556232,medium,-1.5764162977065266,0.0,1.1842367419979503
550,-0.5001907658832119,medium,-1.5560912525624624,0.0,1.185478022302017
551,-0.4708401061095375,medium,-1.5355957542750973,0.0,1.186729712429435
552,-0.4412433011400765,medium,-1.5149283733630283,0.0,1.1879918996807284
553,-0.411398286712632,medium,-1.494087668356706,0.0,1.189264672088556
554,-0.38130298125336193,medium,-1.4730721856978986,0.0,1.1905481184238498
555,-0.3509552857315965,medium,-1.4518804596383124,0.0,1.1918423282020076
556,-0.3203530835134396,medium,-1.43051101213736,0.0,1.1931473916891342
557,-0.2894942402141423,medium,-1.4089623527590756,0.0,1.1944633999083396
558,-0.25837660354923564,medium,-1.3872329785681594,0.0,1.195790444646086
559,-0.22699800318441987,medium,-1.3653213740251555,0.0,1.1971286184585892
560,-0.19535625058418882,medium,-1.3432260108807483,0.0,1.1984780146782752
561,-0.16344913885919254,medium,-1.3432260108807483,0.0,1.2221193902318632
562,-0.13127444261231114,medium,-1.3209453480691757,0.0,1.223678368057498
563,-0.09882991778344374,medium,-1.2984778316007413,0.0,1.225250420032235
564,-0.06611330149299377,medium,-1.2758218944534314,0.0,1.2268356558005928
565,-0.03312231188404269,medium,-1.2299384242158742,0.0,1.2053966536788603
566,0.0001453520368031036,medium,-1.2299384242158742,0.0,1.230046121901555
567,0.03369201055989279,medium,-1.206707690931783,0.0,1.2316715761517
568,0.06752000343436926,medium,-1.1832821363579291,0.0,1.2333106620461676
569,0.10163169003135053,medium,-1.159660126652863,0.0,1.234963493904832
570,0.13602944950849327,medium,-1.135840014273152,0.0,1.2366301870062966
571,0.17071568097592138,medium,-1.111820137858473,0.0,1.238310857595931
572,0.20569280366356502,medium,-1.0875988221157353,0.0,1.2400056228939822
573,0.24096325708988342,medium,-1.0631743777022389,0.0,1.2417146011037465
574,0.2765295012320186,medium,-1.038545101107847,0.0,1.2434379114198175
575,0.3123940166973638,medium,-1.0137092745361742,0.0,1.2451756740363962
576,0.34855930489657894,medium,-0.9886651657847767,0.0,1.2469280101556754
577,0.38502788821805556,medium,-0.9634110281243373,0.0,1.2486950419962948
578,0.42180231020384085,medium,-0.937945100176838,0.0,1.250476892801862
579,0.4588851357270416,medium,-0.9122656057927099,0.0,1.2522736868495494
580,0.4962789511707122,medium,-0.8863707539269572,0.0,1.2540855494587646
581,0.5339863646082463,medium,-0.8602587385142337,0.0,1.2559126069998863
582,0.5720100059852804,medium,-0.8339277383428803,0.0,1.2577549869030813
583,0.6103525273031236,medium,-0.8073759169279011,0.0,1.2596128176671946
584,0.6490166028037176,medium,-0.780601422382877,0.0,1.2614862288687045
585,0.6880049291561647,medium,-0.7536023872908015,0.0,1.2633753511707675
586,0.7273202256448004,medium,-0.7263769285738371,0.0,1.2652803163323247
587,0.7669652343588602,medium,-0.6989231473619806,0.0,1.2672012572173008
588,0.8069427203837263,medium,-0.6712391288606185,0.0,1.2691383078038612
589,0.8472554719937788,medium,-0.6433229422169813,0.0,1.2710916031937587
590,0.8879063008468755,medium,-0.6151726403854738,0.0,1.2730612796217624
591,0.9288980421804442,medium,-0.5867862599918752,0.0,1.2750474744651519
592,0.9702335550092371,medium,-0.5581618211964026,0.0,1.2770503262533042
593,1.0119157223247335,medium,-0.5292973275556232,0.0,1.2790699746773533
594,1.0539474512962128,medium,-0.5001907658832119,0.0,1.281106560599931
595,1.096331673473526,medium,-0.4708401061095375,0.0,1.283160226064996
596,1.1390713449915557,medium,-0.4412433011400765,0.0,1.2852311143077397
597,1.1821694467763955,medium,-0.411398286712632,0.0,1.2873193697645744
598,1.2256289847532544,medium,-0.38130298125336193,0.0,1.2894251380832056
599,1.2694529900561164,medium,-0.3509552857315965,0.0,1.2915485661327955
600,1.313644519239145,medium,-0.3203530835134396,0.0,1.2936898020142036
601,1.358206654489865,medium,-0.3203530835134396,0.0,1.3267078383696134
602,1.4031425038441387,medium,-0.2894942402141423,0.0,1.3291439325613703
603,1.4484552014029308,medium,-0.25837660354923564,0.0,1.3316004567157371
604,1.494147907550909,medium,-0.19535625058418882,0.0,1.3024358295655036
605,1.5402238091768625,medium,-0.19535625058418882,0.0,1.3365754816812412
606,1.586686119895977,medium,-0.16344913885919254,0.0,1.3390943294810476
607,1.6335380802739694,medium,-0.13127444261231114,0.0,1.3416343012450034
608,1.6807829580531104,medium,-0.09882991778344374,0.0,1.3441955741262754
609,1.7284240483801305,medium,-0.06611330149299377,0.0,1.346778326763698
610,1.7764646740360508,medium,-0.03312231188404269,0.0,1.3493827392942388
611,1.8249081856679243,medium,0.0001453520368031036,0.0,1.352008993365554
612,1.8737579620225402,medium,0.03369201055989279,0.0,1.3546572721486672
613,1.923017410182073,medium,0.06752000343436926,0.0,1.3573277603507365
614,1.972689965801714,medium,0.10163169003135053,0.0,1.3600206442279434
615,2.022779093349297,medium,0.13602944950849327,0.0,1.3627361115984782
616,2.0732882863469264,medium,0.17071568097592138,0.0,1.365474351855645
617,2.124221067614643,medium,0.20569280366356502,0.0,1.3682355559810648
618,2.175580989516124,medium,0.24096325708988342,0.0,1.371019916558003
619,2.227371634206447,medium,0.2765295012320186,0.0,1.3738276277847943
620,2.279596613881931,medium,0.3123940166973638,0.0,1.3766588854883932
621,2.332259571032072,medium,0.34855930489657894,0.0,1.379513887138028
622,2.385364178693596,medium,0.38502788821805556,0.0,1.3823928318589749
623,2.4389141407066353,medium,0.42180231020384085,0.0,1.3852959204464466
624,2.4929131919730594,medium,0.4588851357270416,0.0,1.3882233553795966
625,2.54736509871697,medium,0.4962789511707122,0.0,1.3911753408356433
626,2.6022736587473743,medium,0.5339863646082463,0.0,1.3941520827041054
627,2.657642701723079,medium,0.5720100059852804,0.0,1.3971537886011682
628,2.7134760894197854,medium,0.6103525273031236,0.0,1.4001806678841584
629,2.7697777159994343,medium,0.6490166028037176,0.0,1.403232931666151
630,2.8265515082818133,medium,0.6880049291561647,0.0,1.40631079283069
631,2.8838014260184295,medium,0.7273202256448004,0.0,1.4094144660466372
632,2.9415314621686957,medium,0.7669652343588602,0.0,1.4125441677831456
633,2.9997456431784153,medium,0.8069427203837263,0.0,1.4157001163247545
634,3.058448029260621,medium,0.8472554719937788,0.0,1.4188825317866223
635,3.1176427146787438,medium,0.8879063008468755,0.0,1.4220916361298608
636,3.1773338280321894,medium,0.9288980421804442,0.0,1.425327653177038
637,3.237525532544282,medium,0.9702335550092371,0.0,1.4285908086277739
638,3.298222026352634,medium,1.0119157223247335,0.0,1.4318813300744861
639,3.359427542801951,medium,1.0539474512962128,0.0,1.435199447018268
640,3.4211463507392903,medium,1.096331673473526,0.0,1.438545390884888
641,3.4833827548117986,medium,1.1390713449915557,0.0,1.4419193950409355
642,3.5461410957669415,medium,1.1821694467763955,0.0,1.445321694810095
643,3.609425750755256,medium,1.2256289847532544,0.0,1.4487525274895656
644,3.673241133635635,medium,1.2694529900561164,0.0,1.4522121323665975
645,3.737591695283185,medium,1.313644519239145,0.0,1.4557007507351947
646,3.8024819238996512,medium,1.358206654489865,0.0,1.459218625912941
647,3.8679163453264547,medium,1.4031425038441387,0.0,1.4627660032579648
648,3.933899523360351,medium,1.4484552014029308,0.0,1.4663431301860608
649,4.000436060071737,medium,1.5402238091768625,0.0,1.423874354561983
650,4.06753059612563,medium,1.5402238091768625,0.0,1.4735876328466233
651,4.135187811105331,medium,1.586686119895977,0.0,1.4772555138550123
652,4.203412423838817,medium,1.6807829580531104,0.0,1.4337092772544238
653,4.272209192727846,medium,1.7284240483801305,0.0,1.4370427240211128
654,4.341582916079851,medium,1.7764646740360508,0.0,1.4404041262720493
655,4.4115384324425975,medium,1.8249081856679243,0.0,1.443793718451989
656,4.482080620941652,medium,1.8737579620225402,0.0,1.447211736971819
657,4.5532144016206875,medium,1.923017410182073,0.0,1.450658420225058
658,4.6249447357846325,medium,1.972689965801714,0.0,1.4541340086044765
659,4.697276626345701,medium,2.022779093349297,0.0,1.4576387445188628
660,4.770215118172331,medium,2.0732882863469264,0.0,1.4611728724099358
661,4.843765298441049,medium,2.124221067614643,0.0,1.4647366387693945
662,4.917932296991262,medium,2.175580989516124,0.0,1.4683302921560948
663,4.992721286683068,medium,2.227371634206447,0.0,1.4719540832134062
664,5.068137483758026,medium,2.279596613881931,0.0,1.4756082646866804
665,5.144186148202973,medium,2.332259571032072,0.0,1.4792930914408813
666,5.2208725841168935,medium,2.385364178693596,0.0,1.4830088204783651
667,5.298202140080852,medium,2.4389141407066353,0.0,1.486755710956801
668,5.376180209531036,medium,2.4929131919730594,0.0,1.4905340242072453
669,5.454812231134936,medium,2.54736509871697,0.0,1.4943440237523742
670,5.53410368917066,medium,2.6022736587473743,0.0,1.4981859753248603
671,5.614060113909449,medium,2.657642701723079,0.0,1.5020601468859027
672,5.694687082001385,medium,2.7134760894197854,0.0,1.505966808643918
673,5.775990216864352,medium,2.7697777159994343,0.0,1.509906233073396
674,5.857975189076232,medium,2.8265515082818133,0.0,1.5138786949338856
675,5.940647716770419,medium,2.8838014260184295,0.0,1.5178844712891761
676,6.024013566034631,medium,2.9415314621686957,0.0,1.5219238415266103
677,6.108078551313071,medium,2.9997456431784153,0.0,1.525997087376573
678,6.19284853581196,medium,3.058448029260621,0.0,1.5301044929321375
679,6.278329431908489,medium,3.1176427146787438,0.0,1.5342463446688992
680,6.364527201563156,medium,3.1773338280321894,0.0,1.5384229314649227
681,6.451447856735621,medium,3.237525532544282,0.0,1.5426345446209186
682,6.539097459803983,medium,3.298222026352634,0.0,1.546881477880544
683,6.627482123987649,medium,3.359427542801951,0.0,1.5511640274509046
684,6.716608013773664,medium,3.4211463507392903,0.0,1.5554824920231978
685,6.806481345346681,medium,3.4833827548117986,0.0,1.5598371727935492
686,6.897108387022531,medium,3.5461410957669415,0.0,1.5642283734840365
687,6.988495459685378,medium,3.609425750755256,0.0,1.5686564003638477
688,7.080648937228615,medium,3.673241133635635,0.0,1.5731215622706687
689,7.173575246999375,medium,3.737591695283185,0.0,1.5776241706321894
690,7.2672808702468625,medium,3.8024819238996512,0.0,1.5821645394878647
691,7.3617723425743495,medium,3.8679163453264547,0.0,1.5867429855107824
692,7.457056254395045,medium,3.933899523360351,0.0,1.5913598280297734
693,7.553139251391727,medium,4.000436060071737,0.0,1.596015389051674
694,7.6500280349802505,medium,4.06753059612563,0.0,1.6007099932837727
695,7.747729362776983,medium,4.135187811105331,0.0,1.6054439681564983
696,7.846250049070065,medium,4.203412423838817,0.0,1.6102176438461937
697,7.945596965294737,medium,4.272209192727846,0.0,1.6150313532982148
698,8.04577704051254,medium,4.341582916079851,0.0,1.6198854322500882
699,8.146797261894648,medium,4.4115384324425975,0.0,1.6247802192549772
700,8.248664675209138,medium,4.482080620941652,0.0,1.6297160557052557
701,8.351386385312464,medium,4.5532144016206875,0.0,1.634693285856355
702,8.45496955664494,medium,4.6249447357846325,0.0,1.6397122568507418
703,8.559421413730457,medium,4.697276626345701,0.0,1.6447733187421463
704,8.66474924168038,medium,4.770215118172331,0.0,1.64987682451999
705,8.770960386701615,medium,4.843765298441049,0.0,1.655023130133963
706,8.878062256609033,medium,4.917932296991262,0.0,1.6602125945189128
707,8.986062321342073,medium,4.992721286683068,0.0,1.6654455796198109
708,9.094968113485807,medium,5.068137483758026,0.0,1.6707224504170535
709,9.204787228796247,medium,5.144186148202973,0.0,1.6760435749518763
710,9.315527326730175,medium,5.2208725841168935,0.0,1.6814093243520558
711,9.427196130979317,medium,5.298202140080852,0.0,1.6868200728577705
712,9.539801430009051,medium,5.376180209531036,0.0,1.6922761978477077
713,9.653351077601656,medium,5.454812231134936,0.0,1.6977780798654036
714,9.767852993404025,medium,5.53410368917066,0.0,1.703326102645753
715,9.883315163480088,medium,5.694687082001385,0.0,1.6282936850498677
716,9.999745640867753,medium,5.775990216864352,0.0,1.6332589866887517
717,10.11715254614063,medium,5.857975189076232,0.0,1.6382659291341355
718,10.235544067974354,medium,5.940647716770419,0.0,1.6433148616007927
719,10.354928463717773,medium,6.024013566034631,0.0,1.6484061362321674
720,10.475314059968804,medium,6.108078551313071,0.0,1.6535401081248837
721,10.596709253155218,medium,6.19284853581196,0.0,1.658717135353541
722,10.719122510120272,medium,6.278329431908489,0.0,1.6639375789956858
723,10.842562368713184,medium,6.364527201563156,0.0,1.6692018031569802
724,10.967037438384683,medium,6.451447856735621,0.0,1.6745101749966214
725,11.092556400787418,medium,6.539097459803983,0.0,1.6798630647529222
726,11.219128010381532,medium,6.627482123987649,0.0,1.6852608457691574
727,11.34676109504519,medium,6.716608013773664,0.0,1.6907038945195811
728,11.475464556690353,medium,6.806481345346681,0.0,1.6961925906357198
729,11.605247371883586,medium,6.897108387022531,0.0,1.7017273169327893
730,11.736118592472204,medium,6.988495459685378,0.0,1.707308459436474
731,11.86808734621555,medium,7.080648937228615,0.0,1.712936407409769
732,12.001162837421635,medium,7.173575246999375,0.0,1.7186115533801942
733,12.135354347589146,medium,7.2672808702468625,0.0,1.7243342931671428
734,12.270671236054714,medium,7.3617723425743495,0.0,1.7301050259094826
735,12.407122940645767,medium,7.457056254395045,0.0,1.7359241540934107
736,12.544718978338732,medium,7.553139251391727,0.0,1.7417920835805152
737,12.68346894592284,medium,7.6500280349802505,0.0,1.747709223636102
738,12.823382520669433,medium,7.747729362776983,0.0,1.7536759869576848
739,12.964469461006956,medium,7.846250049070065,0.0,1.7596927897038572
740,13.10673960720153,medium,7.945596965294737,0.0,1.7657600515232232
741,13.250202882043276,medium,8.04577704051254,0.0,1.7718781955837333
742,13.394869291538445,medium,8.146797261894648,0.0,1.7780476486021808
743,13.540748925607211,medium,8.248664675209138,0.0,1.7842688408739438
744,13.687851958787494,medium,8.351386385312464,0.0,1.7905422063030265
745,13.83618865094451,medium,8.45496955664494,0.0,1.7968681824322967
746,13.985769347986434,medium,8.559421413730457,0.0,1.8032472104740354
747,14.13660448258591,medium,8.66474924168038,0.0,1.809679735340648
748,14.288704574907776,medium,8.770960386701615,0.0,1.816166205675792
749,14.442080233342722,medium,8.878062256609033,0.0,1.8227070738855549
750,14.59674215524722,medium,8.986062321342073,0.0,1.829302796170099
751,14.752701127689658,medium,9.094968113485807,0.0,1.835953832555436
752,14.90996802820262,medium,9.204787228796247,0.0,1.8426606469255251
753,15.068553825541628,medium,9.315527326730175,0.0,1.8494237070546173
754,15.228469580450103,medium,9.427196130979317,0.0,1.856243484639883
755,15.389726446430874,medium,9.539801430009051,0.0,1.863120455334343
756,15.552335670524023,medium,9.653351077601656,0.0,1.8700550987799662
757,15.716308594091402,medium,9.767852993404025,0.0,1.8770478986412282
758,15.88165665360756,medium,9.883315163480088,0.0,1.8840993426387378
759,16.048391381457456,medium,9.999745640867753,0.0,1.891209922583334
760,16.216524406740795,medium,10.11715254614063,0.0,1.8983801344103526
761,16.38606745608307,medium,10.235544067974354,0.0,1.9056104782142231
762,16.557032354453497,medium,10.475314059968804,0.0,1.7925158620323032
763,16.729431025989722,medium,10.596709253155218,0.0,1.7988583899488173
764,16.903275494829526,medium,10.719122510120272,0.0,1.8052541085870324
765,17.0785778859494,medium,10.842562368713184,0.0,1.811703464023486
766,17.255350426010295,medium,10.967037438384683,0.0,1.8182069060756696
767,17.433605444210308,medium,11.092556400787418,0.0,1.8247648883334175
768,17.61335537314462,medium,11.219128010381532,0.0,1.8313778681904918
769,17.794612749672684,medium,11.34676109504519,0.0,1.8380463068765938
770,17.977390215792497,medium,11.475464556690353,0.0,1.8447706694893853
771,18.161700519522462,medium,11.605247371883586,0.0,1.8515514250270755
772,18.34755651579041,medium,11.736118592472204,0.0,1.8583890464209976
773,18.53497116733025,medium,11.86808734621555,0.0,1.8652840105687059
774,18.72395754558602,medium,12.001162837421635,0.0,1.8722367983671688
775,18.914528831623624,medium,12.135354347589146,0.0,1.8792478947463245
776,19.106698317050096,medium,12.270671236054714,0.0,1.8863177887029305
777,19.300479404940674,medium,12.407122940645767,0.0,1.8934469733346067
778,19.495885610773634,medium,12.544718978338732,0.0,1.900635945874317
779,19.69293056337288,medium,12.68346894592284,0.0,1.9078852077249522
780,19.891628005858582,medium,12.823382520669433,0.0,1.9151952644943986
781,20.091991796605615,medium,12.964469461006956,0.0,1.9225666260306937
782,20.294035910210216,medium,13.10673960720153,0.0,1.929999806457694
783,20.497774438464575,medium,13.250202882043276,0.0,1.9374953242108646
784,20.703221591339762,medium,13.394869291538445,0.0,1.9450537020734515
785,20.910391697976756,medium,13.540748925607211,0.0,1.9526754672129716
786,21.119299207685852,medium,13.687851958787494,0.0,1.9603611512179047
787,21.32995869095451,medium,13.83618865094451,0.0,1.9681112901348996
788,21.542384840463484,medium,13.985769347986434,0.0,1.9759264245060084
789,21.7565924721117,medium,14.13660448258591,0.0,1.983807099406544
790,21.972596526049472,medium,14.288704574907776,0.0,1.9917538644829236
791,22.19041206772067,medium,14.442080233342722,0.0,1.9997672739911856
792,22.41005428891332,medium,14.59674215524722,0.0,2.0078478868355063
793,22.631538508819318,medium,14.752701127689658,0.0,2.0159962666072495
794,22.85488017510277,medium,14.90996802820262,0.0,2.024212981624263
795,23.08009486497746,medium,15.068553825541628,0.0,2.032498604970481
796,23.30719828629333,medium,15.228469580450103,0.0,2.0408537145359915
797,23.536206278631937,medium,15.389726446430874,0.0,2.049278893057192
798,23.767134814411346,medium,15.552335670524023,0.0,2.0577747281576073
799,24.0,medium,15.716308594091402,0.0,2.0663418123886927
800,-3.0,high,-3.0,0.3347810082152974,1.1119497074052855
801,-2.99161364011285,high,-3.0,0.3347810082152974,1.1181635284909568
802,-2.9831569491935435,high,-3.0,0.3347810082152974,1.1244294609165268
803,-2.9746293374207333,high,-3.0,0.3347810082152974,1.1307479417064465
804,-2.9660302100266183,high,-3.0,0.3347810082152974,1.1371194115502106
805,-2.9573589672554608,high,-3.0,0.3347810082152974,1.1435443148330942
806,-2.9486150043217556,high,-3.0,0.3347810082152974,1.1500230996671483
807,-2.939797711368048,high,-3.0,0.3347810082152974,1.1565562179224527
808,-2.9309064734224006,high,-3.0,0.3347810082152974,1.163144125258631
809,-2.9219406703554984,high,-3.0,0.3347810082152974,1.1697872811566339
810,-2.9128996768374007,high,-3.0,0.3347810082152974,1.176486148950783
811,-2.903782862293922,high,-3.0,0.3347810082152974,1.183241195861091
812,-2.8945895908626573,high,-3.0,0.3347810082152974,1.1900528930258436
813,-2.88531922134863,high,-3.0,0.3347810082152974,1.196921715534462
814,-2.8759711071795713,high,-3.0,0.3347810082152974,1.2038481424606386
815,-2.866544596360825,high,-3.0,0.3347810082152974,1.2108326568957497
816,-2.857039031429872,high,-2.99161364011285,0.3347810082152974,1.209489386095401
817,-2.8474537494104775,high,-2.99161364011285,0.3347810082152974,1.2165915410620016
818,-2.8377880817664485,high,-2.9831569491935435,0.3347810082152974,1.2152965663368196
819,-2.8280413543550074,high,-2.9831569491935435,0.3347810082152974,1.222518343260358
820,-2.8182128873797714,high,-2.9831569491935435,0.3347810082152974,1.2298006846042018
821,-2.8083019953433426,high,-2.9746293374207333,0.3347810082152974,1.2286164865105658
822,-2.7983079869994936,high,-2.9746293374207333,0.3347810082152974,1.2360214846996538
823,-2.7882301653049577,high,-2.9660302100266183,0.3347810082152974,1.2348894564744044
824,-2.778067827370813,high,-2.9660302100266183,0.3347810082152974,1.242419177424213
825,-2.7678202644134577,high,-2.9573589672554608,0.3347810082152974,1.2413408025525992
826,-2.7574867617051755,high,-2.9573589672554608,0.3347810082152974,1.248997346974924
827,-2.7470665985242873,high,-2.9486150043217556,0.3347810082152974,1.247974139000561
828,-2.7365590481048816,high,-2.9486150043217556,0.3347810082152974,1.255759642989592
829,-2.7259633775861256,high,-2.939797711368048,0.3347810082152974,1.2547931460632715
830,-2.7152788479611543,high,-2.939797711368048,0.3347810082152974,1.2627097816915445
831,-2.7045047140255223,high,-2.9309064734224006,0.3347810082152974,1.2618015711296442
832,-2.693640224325234,high,-2.9309064734224006,0.3347810082152974,1.2698515470540204
833,-2.68268462110433,high,-2.9219406703554984,0.3347810082152974,1.2690032299066787
834,-2.6716371402520336,high,-2.9219406703554984,0.3347810082152974,1.2771887919845397
835,-2.660497011249463,high,-2.9128996768374007,0.3347810082152974,1.2764020076137672
836,-2.6492634571158886,high,-2.9128996768374007,0.3347810082152974,1.2847254395295846
837,-2.637935694354538,high,-2.903782862293922,0.3347810082152974,1.2840018601974663
838,-2.626512932897954,high,-2.903782862293922,0.3347810082152974,1.2924654840999266
839,-2.6149943760528904,high,-2.8945895908626573,0.3347810082152974,1.2918068155671174
840,-2.6033792204447432,high,-2.8945895908626573,0.3347810082152974,1.3004129927169736
841,-2.591666655961521,high,-2.88531922134863,0.3347810082152974,1.2998209748516336
842,-2.5798558656973416,high,-2.88531922134863,0.3347810082152974,1.3085721062804736
843,-2.5679460258954543,high,-2.8759711071795713,0.3347810082152974,1.3080485136778375
844,-2.5559363058907905,high,-2.8759711071795713,0.3347810082152974,1.3169470408579478
845,-2.543825868052023,high,-2.866544596360825,0.3347810082152974,1.3164936834707102
846,-2.5316138677231494,high,-2.857039031429872,0.3347810082152974,1.3160365240652647
847,-2.5192994531645763,high,-2.8474537494104775,0.3347810082152974,1.3155755307565191
848,-2.5068817654937146,high,-2.8474537494104775,0.3347810082152974,1.3247763390360106
849,-2.494359938625079,high,-2.8377880817664485,0.3347810082152974,1.324388640960957
850,-2.4817330992098787,high,-2.8280413543550074,0.3347810082152974,1.323997691510319
851,-2.469000366575105,high,-2.8280413543550074,0.3347810082152974,1.3334319303921258
852,-2.4561608526621095,high,-2.8182128873797714,0.3347810082152974,1.3331168212212205
853,-2.4432136619646636,high,-2.8083019953433426,0.3347810082152974,1.3327990694314047
854,-2.430157891466501,high,-2.8083019953433426,0.3347810082152974,1.3424726612045739
855,-2.4169926305783367,high,-2.7983079869994936,0.3347810082152974,1.3422333708559053
856,-2.4037169610743563,high,-2.7882301653049577,0.3347810082152974,1.341992073732255
857,-2.3903299570281726,high,-2.7882301653049577,0.3347810082152974,1.3519110909382308
858,-2.376830684748247,high,-2.778067827370813,0.3347810082152974,1.3517509546580777
859,-2.3632182027127673,high,-2.7678202644134577,0.3347810082152974,1.3515894754174487
860,-2.3494915615039806,high,-2.7574867617051755,0.3347810082152974,1.351426641953793
861,-2.3356498037419753,high,-2.7574867617051755,0.3347810082152974,1.3616826060909981
862,-2.321691964017907,high,-2.7470665985242873,0.3347810082152974,1.3616044172535595
863,-2.3076170688266653,high,-2.7365590481048816,0.3347810082152974,1.3615255726963913
864,-2.2934241364989765,high,-2.7365590481048816,0.3347810082152974,1.3720417374391463
865,-2.2791121771329332,high,-2.7259633775861256,0.3347810082152974,1.3720504240053109
866,-2.2646801925249562,high,-2.7152788479611543,0.3347810082152974,1.372059183420146
867,-2.250127176100171,high,-2.7045047140255223,0.3347810082152974,1.3720680162945857
868,-2.2354521128422036,high,-2.7045047140255223,0.3347810082152974,1.382941412944978
869,-2.220653979222389,high,-2.693640224325234,0.3347810082152974,1.3830415081125875
870,-2.2057317431283794,high,-2.68268462110433,0.3347810082152974,1.3831424427142969
871,-2.190684363792165,high,-2.6716371402520336,0.3347810082152974,1.3832442237899005
872,-2.1755107917174787,high,-2.6716371402520336,0.3347810082152974,1.3944869874408035
873,-2.1602099686066003,high,-2.660497011249463,0.3347810082152974,1.394683907951239
874,-2.144780827286545,high,-2.6492634571158886,0.3347810082152974,1.3948824799079445
875,-2.1292222916346293,high,-2.637935694354538,0.3347810082152974,1.3950827171605429
876,-2.1135332765034196,high,-2.637935694354538,0.3347810082152974,1.4067073951313878
877,-2.097712687645045,high,-2.626512932897954,0.3347810082152974,1.4070068003786842
878,-2.081759421634877,high,-2.6149943760528904,0.3347810082152974,1.407308716546137
879,-2.065672365794573,high,-2.6033792204447432,0.3347810082152974,1.4076131646912253
880,-2.049450398114467,high,-2.6033792204447432,0.3347810082152974,1.4196327305312482
881,-2.0330923871753184,high,-2.591666655961521,0.3347810082152974,1.42004053229287
882,-2.0165971920693955,high,-2.5798558656973416,0.3347810082152974,1.4204517540268284
883,-1.9999636623209058,high,-2.5679460258954543,0.3347810082152974,1.4208664244142402
884,-1.9831906378057522,high,-2.5679460258954543,0.3347810082152974,1.4332942923814191
885,-1.9662769486706178,high,-2.5559363058907905,0.3347810082152974,1.4338166649173376
886,-1.949221415251377,high,-2.543825868052023,0.3347810082152974,1.434343418257337
887,-1.9320228479908153,high,-2.5316138677231494,0.3347810082152974,1.4348745891404175
888,-1.914680047355663,high,-2.5192994531645763,0.3347810082152974,1.4354102146136856
889,-1.8971918037529334,high,-2.5068817654937146,0.3347810082152974,1.4359503320349367
890,-1.879556897445557,high,-2.5068817654937146,0.3347810082152974,1.4490168059438993
891,-1.8617740984673108,high,-2.494359938625079,0.3347810082152974,1.4496710331368834
892,-1.8438421665370326,high,-2.4817330992098787,0.3347810082152974,1.4503307469145552
893,-1.8257598509721147,high,-2.469000366575105,0.3347810082152974,1.450995993289389
894,-1.8075258906012763,high,-2.4561608526621095,0.3347810082152974,1.4516668186597368
895,-1.7891390136766003,high,-2.4432136619646636,0.3347810082152974,1.4523432698130612
896,-1.7705979377848333,high,-2.430157891466501,0.3347810082152974,1.453025393929203
897,-1.751901369757943,high,-2.430157891466501,0.3347810082152974,1.466878499471835
898,-1.7330480055829245,high,-2.4169926305783367,0.3347810082152974,1.4676825212549378
899,-1.7140365303108505,high,-2.4037169610743563,0.3347810082152974,1.4684932858540711
900,-1.69486561796516,high,-2.3903299570281726,0.3347810082152974,1.4693108498169163
901,-1.675533931449173,high,-2.376830684748247,0.3347810082152974,1.4701352701653847
902,-1.6560401224528376,high,-2.3632182027127673,0.3347810082152974,1.4709666043995937
903,-1.636382831358687,high,-2.3494915615039806,0.3347810082152974,1.4718049105018778
904,-1.616560687147015,high,-2.3356498037419753,0.3347810082152974,1.4726502469408305
905,-1.5965723073002485,high,-2.3356498037419753,0.3347810082152974,1.4874605123994549
906,-1.5764162977065266,high,-2.321691964017907,0.3347810082152974,1.4884371423501703
907,-1.5560912525624624,high,-2.3076170688266653,0.3347810082152974,1.4894219626711296
908,-1.5355957542750973,high,-2.2934241364989765,0.3347810082152974,1.490415042049725
909,-1.5149283733630283,high,-2.2791121771329332,0.3347810082152974,1.4914164497493854
910,-1.494087668356706,high,-2.2646801925249562,0.3347810082152974,1.4924262556144088
911,-1.4730721856978986,high,-2.250127176100171,0.3347810082152974,1.4934445300748325
912,-1.4518804596383124,high,-2.2354521128422036,0.3347810082152974,1.4944713441513449
913,-1.43051101213736,high,-2.220653979222389,0.3347810082152974,1.4955067694602413
914,-1.4089623527590756,high,-2.220653979222389,0.3347810082152974,1.5114731143124227
915,-1.3872329785681594,high,-2.2057317431283794,0.3347810082152974,1.512651122584607
916,-1.3653213740251555,high,-2.190684363792165,0.3347810082152974,1.5138390100581125
917,-1.3432260108807483,high,-2.1755107917174787,0.3347810082152974,1.5150368595834771
918,-1.3209453480691757,high,-2.1602099686066003,0.3347810082152974,1.5162447547060511
919,-1.2984778316007413,high,-2.144780827286545,0.3347810082152974,1.5174627796718292
920,-1.2758218944534314,high,-2.1292222916346293,0.3347810082152974,1.5186910194333219
921,-1.252975956463624,high,-2.1135332765034196,0.3347810082152974,1.5199295596554816
922,-1.2299384242158742,high,-2.097712687645045,0.3347810082152974,1.5211784867216798
923,-1.206707690931783,high,-2.097712687645045,0.3347810082152974,1.5383911537498953
924,-1.1832821363579291,high,-2.081759421634877,0.3347810082152974,1.5397949063882594
925,-1.159660126652863,high,-2.065672365794573,0.3347810082152974,1.5412104314014416
926,-1.135840014273152,high,-2.049450398114467,0.3347810082152974,1.5426378275168133
927,-1.111820137858473,high,-2.0330923871753184,0.3347810082152974,1.5440771942897105
928,-1.0875988221157353,high,-2.0165971920693955,0.3347810082152974,1.545528632110374
929,-1.0631743777022389,high,-1.9999636623209058,0.3347810082152974,1.5469922422109557
930,-1.038545101107847,high,-1.9831906378057522,0.3347810082152974,1.548468126672576
931,-1.0137092745361742,high,-1.9662769486706178,0.3347810082152974,1.5499563884324425
932,-0.9886651657847767,high,-1.949221415251377,0.3347810082152974,1.551457131291034
933,-0.9634110281243373,high,-1.949221415251377,0.3347810082152974,1.5701690271798971
934,-0.937945100176838,high,-1.9320228479908153,0.3347810082152974,1.5718392805012935
935,-0.9122656057927099,high,-1.914680047355663,0.3347810082152974,1.5735235411681463
936,-0.8863707539269572,high,-1.8971918037529334,0.3347810082152974,1.5752219266510943
937,-0.8602587385142337,high,-1.879556897445557,0.3347810082152974,1.5769345554059297
938,-0.8339277383428803,high,-1.8617740984673108,0.3347810082152974,1.5786615468818563
939,-0.8073759169279011,high,-1.8438421665370326,0.3347810082152974,1.5804030215298224
940,-0.780601422382877,high,-1.8257598509721147,0.3347810082152974,1.5821591008109201
941,-0.7536023872908015,high,-1.8075258906012763,0.3347810082152974,1.5839299072048594
942,-0.7263769285738371,high,-1.7891390136766003,0.3347810082152974,1.58571556421851
943,-0.6989231473619806,high,-1.7705979377848333,0.3347810082152974,1.587516196394511
944,-0.6712391288606185,high,-1.751901369757943,0.3347810082152974,1.5893319293199646
945,-0.6433229422169813,high,-1.7330480055829245,0.3347810082152974,1.5911628896351897
946,-0.6151726403854738,high,-1.7140365303108505,0.3347810082152974,1.593009205042557
947,-0.5867862599918752,high,-1.69486561796516,0.3347810082152974,1.5948710043153969
948,-0.5581618211964026,high,-1.675533931449173,0.3347810082152974,1.5967484173069755
949,-0.5292973275556232,high,-1.6560401224528376,0.3347810082152974,1.5986415749595588
950,-0.5001907658832119,high,-1.6560401224528376,0.3347810082152974,1.6202079004076897
951,-0.4708401061095375,high,-1.616560687147015,0.3347810082152974,1.60247565351665
952,-0.4412433011400765,high,-1.5965723073002485,0.3347810082152974,1.6044168418332458
953,-0.411398286712632,high,-1.5764162977065266,0.3347810082152974,1.606374309653674
954,-0.38130298125336193,high,-1.5764162977065266,0.3347810082152974,1.6286732386477754
955,-0.3509552857315965,high,-1.5560912525624624,0.3347810082152974,1.630834129341455
956,-0.3203530835134396,high,-1.5355957542750973,0.3347810082152974,1.633013142042169
957,-0.2894942402141423,high,-1.5149283733630283,0.3347810082152974,1.6352104287275897
958,-0.25837660354923564,high,-1.494087668356706,0.3347810082152974,1.63742614264993
959,-0.22699800318441987,high,-1.4730721856978986,0.3347810082152974,1.6396604383466296
960,-0.19535625058418882,high,-1.4518804596383124,0.3347810082152974,1.6419134716511368
961,-0.16344913885919254,high,-1.43051101213736,0.3347810082152974,1.6441853997037723
962,-0.13127444261231114,high,-1.4089623527590756,0.3347810082152974,1.6464763809626954
963,-0.09882991778344374,high,-1.3872329785681594,0.3347810082152974,1.6487865752149506
964,-0.06611330149299377,high,-1.3653213740251555,0.3347810082152974,1.6511161435876143
965,-0.03312231188404269,high,-1.3432260108807483,0.3347810082152974,1.6534652485590318
966,0.0001453520368031036,high,-1.3209453480691757,0.3347810082152974,1.655834053970154
967,0.03369201055989279,high,-1.2984778316007413,0.3347810082152974,1.6582227250359556
968,0.06752000343436926,high,-1.2758218944534314,0.3347810082152974,1.6606314283569672
969,0.10163169003135053,high,-1.252975956463624,0.3347810082152974,1.6630603319308903
970,0.13602944950849327,high,-1.2299384242158742,0.3347810082152974,1.6655096051643161
971,0.17071568097592138,high,-1.206707690931783,0.3347810082152974,1.6679794188845385
972,0.20569280366356502,high,-1.1832821363579291,0.3347810082152974,1.6704699453514733
973,0.24096325708988342,high,-1.159660126652863,0.3347810082152974,1.672981358269668
974,0.2765295012320186,high,-1.135840014273152,0.3347810082152974,1.6755138328004198
975,0.3123940166973638,high,-1.111820137858473,0.3347810082152974,1.6780675455739922
976,0.34855930489657894,high,-1.0875988221157353,0.3347810082152974,1.6806426747019314
977,0.38502788821805556,high,-1.0631743777022389,0.3347810082152974,1.6832393997894937
978,0.42180231020384085,high,-1.038545101107847,0.3347810082152974,1.6858579019481683
979,0.4588851357270416,high,-1.0137092745361742,0.3347810082152974,1.688498363808311
980,0.4962789511707122,high,-0.9886651657847767,0.3347810082152974,1.6911609695318817
981,0.5339863646082463,high,-0.9634110281243373,0.3347810082152974,1.6938459048252872
982,0.5720100059852804,high,-0.937945100176838,0.3347810082152974,1.6965533569523366
983,0.6103525273031236,high,-0.9122656057927099,0.3347810082152974,1.6992835147473007
984,0.6490166028037176,high,-0.8863707539269572,0.3347810082152974,1.702036568628082
985,0.6880049291561647,high,-0.8602587385142337,0.3347810082152974,1.704812710609497
986,0.7273202256448004,high,-0.8339277383428803,0.3347810082152974,1.7076121343166653
987,0.7669652343588602,high,-0.8073759169279011,0.3347810082152974,1.710435034998519
988,0.8069427203837263,high,-0.780601422382877,0.3347810082152974,1.713281609541417
989,0.8472554719937788,high,-0.7536023872908015,0.3347810082152974,1.7161520564828763
990,0.8879063008468755,high,-0.7263769285738371,0.3347810082152974,1.7190465760254232
991,0.9288980421804442,high,-0.6989231473619806,0.3347810082152974,1.7219653700505546
992,0.9702335550092371,high,-0.6712391288606185,0.3347810082152974,1.7249086421328175
993,1.0119157223247335,high,-0.6433229422169813,0.3347810082152974,1.7278765975540087
994,1.0539474512962128,high,-0.6151726403854738,0.3347810082152974,1.7308694433174903
995,1.096331673473526,high,-0.5867862599918752,0.3347810082152974,1.7338873881626309
996,1.1390713449915557,high,-0.5581618211964026,0.3347810082152974,1.7369306425793631
997,1.1821694467763955,high,-0.5292973275556232,0.3347810082152974,1.739999418822863
998,1.2256289847532544,high,-0.5001907658832119,0.3347810082152974,1.7430939309283529
999,1.2694529900561164,high,-0.4708401061095375,0.3347810082152974,1.7462143947260338
1000,1.313644519239145,high,-0.4412433011400765,0.3347810082152974,1.7493610278561378
1001,1.358206654489865,high,-0.411398286712632,0.3347810082152974,1.752534049784103
1002,1.4031425038441387,high,-0.38130298125336193,0.3347810082152974,1.7557336818158873
1003,1.4484552014029308,high,-0.3509552857315965,0.3347810082152974,1.7589601471133953
1004,1.494147907550909,high,-0.3203530835134396,0.3347810082152974,1.7622136707100517
1005,1.5402238091768625,high,-0.2894942402141423,0.3347810082152974,1.765494479526492
1006,1.586686119895977,high,-0.25837660354923564,0.3347810082152974,1.768802802386388
1007,1.6335380802739694,high,-0.22699800318441987,0.3347810082152974,1.7721388700324094
1008,1.6807829580531104,high,-0.19535625058418882,0.3347810082152974,1.7755029151423178
1009,1.7284240483801305,high,-0.16344913885919254,0.3347810082152974,1.778895172345194
1010,1.7764646740360508,high,-0.13127444261231114,0.3347810082152974,1.7823158782378046
1011,1.8249081856679243,high,-0.09882991778344374,0.3347810082152974,1.785765271401098
1012,1.8737579620225402,high,-0.06611330149299377,0.3347810082152974,1.789243592416851
1013,1.923017410182073,high,-0.03312231188404269,0.3347810082152974,1.7927510838844458
1014,1.972689965801714,high,0.0001453520368031036,0.3347810082152974,1.7962879904377882
1015,2.022779093349297,high,0.03369201055989279,0.3347810082152974,1.799854558762376
1016,2.0732882863469264,high,0.06752000343436926,0.3347810082152974,1.8034510376124944
1017,2.124221067614643,high,0.10163169003135053,0.3347810082152974,1.8070776778285766
1018,2.175580989516124,high,0.13602944950849327,0.3347810082152974,1.8107347323546905
1019,2.227371634206447,high,0.17071568097592138,0.3347810082152974,1.8144224562561888
1020,2.279596613881931,high,0.20569280366356502,0.3347810082152974,1.8181411067374893
1021,2.332259571032072,high,0.24096325708988342,0.3347810082152974,1.821890943160021
1022,2.385364178693596,high,0.2765295012320186,0.3347810082152974,1.8256722270603092
1023,2.4389141407066353,high,0.3123940166973638,0.3347810082152974,1.8294852221682212
1024,2.4929131919730594,high,0.34855930489657894,0.3347810082152974,1.8333301944253568
1025,2.54736509871697,high,0.38502788821805556,0.3347810082152974,1.8372074120035973
1026,2.6022736587473743,high,0.42180231020384085,0.3347810082152974,1.8411171453238082
1027,2.657642701723079,high,0.4588851357270416,0.3347810082152974,1.8450596670747044
1028,2.7134760894197854,high,0.4962789511707122,0.3347810082152974,1.8490352522318672
1029,2.7697777159994343,high,0.5339863646082463,0.3347810082152974,1.8530441780769196
1030,2.8265515082818133,high,0.5720100059852804,0.3347810082152974,1.8570867242168716
1031,2.8838014260184295,high,0.6103525273031236,0.3347810082152974,1.8611631726036113
1032,2.9415314621686957,high,0.6490166028037176,0.3347810082152974,1.8652738075535855
1033,2.9997456431784153,high,0.6880049291561647,0.3347810082152974,1.8694189157676133
1034,3.058448029260621,high,0.7273202256448004,0.3347810082152974,1.873598786350898
1035,3.1176427146787438,high,0.7669652343588602,0.3347810082152974,1.8778137108331734
1036,3.1773338280321894,high,0.8069427203837263,0.3347810082152974,1.8820639831890533
1037,3.237525532544282,high,0.8472554719937788,0.3347810082152974,1.8863498998585295
1038,3.298222026352634,high,0.8879063008468755,0.3347810082152974,1.8906717597676415
1039,3.359427542801951,high,0.9288980421804442,0.3347810082152974,1.895029864349334
1040,3.4211463507392903,high,0.9702335550092371,0.3347810082152974,1.8994245175644742
1041,3.4833827548117986,high,1.0119157223247335,0.3347810082152974,1.903856025923055
1042,3.5461410957669415,high,1.0539474512962128,0.3347810082152974,1.908324698505575
1043,3.609425750755256,high,1.096331673473526,0.3347810082152974,1.9128308469845914
1044,3.673241133635635,high,1.1390713449915557,0.3347810082152974,1.9173747856464556
1045,3.737591695283185,high,1.1821694467763955,0.3347810082152974,1.9219568314132416
1046,3.8024819238996512,high,1.2256289847532544,0.3347810082152974,1.9265773038648488
1047,3.8679163453264547,high,1.2694529900561164,0.3347810082152974,1.9312365252612844
1048,3.933899523360351,high,1.313644519239145,0.3347810082152974,1.9359348205651439
1049,4.000436060071737,high,1.358206654489865,0.3347810082152974,1.9406725174642778
1050,4.06753059612563,high,1.4031425038441387,0.3347810082152974,1.9454499463946444
1051,4.135187811105331,high,1.4484552014029308,0.3347810082152974,1.9502674405633558
1052,4.203412423838817,high,1.494147907550909,0.3347810082152974,1.9551253359719225
1053,4.272209192727846,high,1.5402238091768625,0.3347810082152974,1.960023971439678
1054,4.341582916079851,high,1.586686119895977,0.3347810082152974,1.9649636886274204
1055,4.4115384324425975,high,1.6335380802739694,0.3347810082152974,1.9699448320612412
1056,4.482080620941652,high,1.6807829580531104,0.3347810082152974,1.974967749156546
1057,4.5532144016206875,high,1.7764646740360508,0.3347810082152974,1.9319921645863776
1058,4.6249447357846325,high,1.8249081856679243,0.3347810082152974,1.9366967969535636
1059,4.697276626345701,high,1.8737579620225402,0.3347810082152974,1.941440884060917
1060,4.770215118172331,high,1.923017410182073,0.3347810082152974,1.9462247567900866
1061,4.843765298441049,high,1.972689965801714,0.3347810082152974,1.951048748797621
1062,4.917932296991262,high,2.022779093349297,0.3347810082152974,1.9559131965382193
1063,4.992721286683068,high,2.0732882863469264,0.3347810082152974,1.9608184392882242
1064,5.068137483758026,high,2.124221067614643,0.3347810082152974,1.9657648191692658
1065,5.144186148202973,high,2.175580989516124,0.3347810082152974,1.9707526811721268
1066,5.2208725841168935,high,2.227371634206447,0.3347810082152974,1.9757823731808113
1067,5.298202140080852,high,2.279596613881931,0.3347810082152974,1.9808542459968033
1068,5.376180209531036,high,2.332259571032072,0.3347810082152974,1.9859686533635301
1069,5.454812231134936,high,2.385364178693596,0.3347810082152974,1.9911259519910454
1070,5.53410368917066,high,2.4389141407066353,0.3347810082152974,1.9963265015808966
1071,5.614060113909449,high,2.4929131919730594,0.3347810082152974,2.0015706648512195
1072,5.694687082001385,high,2.54736509871697,0.3347810082152974,2.006858807562031
1073,5.775990216864352,high,2.6022736587473743,0.3347810082152974,2.0121912985407535
1074,5.857975189076232,high,2.657642701723079,0.3347810082152974,2.0175685097079175
1075,5.940647716770419,high,2.7134760894197854,0.3347810082152974,2.0229908161031176
1076,6.024013566034631,high,2.7697777159994343,0.3347810082152974,2.028458595911169
1077,6.108078551313071,high,2.8265515082818133,0.3347810082152974,2.033972230488472
1078,6.19284853581196,high,2.8838014260184295,0.3347810082152974,2.039532104389626
1079,6.278329431908489,high,2.9415314621686957,0.3347810082152974,2.0451386053942446
1080,6.364527201563156,high,2.9997456431784153,0.3347810082152974,2.050792124533994
1081,6.451447856735621,high,3.058448029260621,0.3347810082152974,2.0564930561198773
1082,6.539097459803983,high,3.1176427146787438,0.3347810082152974,2.0622417977697314
1083,6.627482123987649,high,3.1773338280321894,0.3347810082152974,2.0680387504359636
1084,6.716608013773664,high,3.237525532544282,0.3347810082152974,2.073884318433503
1085,6.806481345346681,high,3.298222026352634,0.3347810082152974,2.0797789094680112
1086,6.897108387022531,high,3.359427542801951,0.3347810082152974,2.0857229346643242
1087,6.988495459685378,high,3.4211463507392903,0.3347810082152974,2.0917168085951108
1088,7.080648937228615,high,3.4833827548117986,0.3347810082152974,2.0977609493098024
1089,7.173575246999375,high,3.5461410957669415,0.3347810082152974,2.10385577836373
1090,7.2672808702468625,high,3.609425750755256,0.3347810082152974,2.110001720847557
1091,7.3617723425743495,high,3.673241133635635,0.3347810082152974,2.1161992054168994
1092,7.457056254395045,high,3.737591695283185,0.3347810082152974,2.1224486643222367
1093,7.553139251391727,high,3.8024819238996512,0.3347810082152974,2.1287505334390566
1094,7.6500280349802505,high,3.933899523360351,0.3347810082152974,2.0691220742643495
1095,7.747729362776983,high,4.000436060071737,0.3347810082152974,2.0749767274053896
1096,7.846250049070065,high,4.06753059612563,0.3347810082152974,2.0808804797746774
1097,7.945596965294737,high,4.135187811105331,0.3347810082152974,2.0868337431360278
1098,8.04577704051254,high,4.203412423838817,0.3347810082152974,2.09283693270642
1099,8.146797261894648,high,4.272209192727846,0.3347810082152974,2.0988904671850257
1100,8.248664675209138,high,4.341582916079851,0.3347810082152974,2.104994768782354
1101,8.351386385312464,high,4.4115384324425975,0.3347810082152974,2.1111502632497423
1102,8.45496955664494,high,4.482080620941652,0.3347810082152974,2.11735737990902
1103,8.559421413730457,high,4.5532144016206875,0.3347810082152974,2.123616551682457
1104,8.66474924168038,high,4.6249447357846325,0.3347810082152974,2.1299282151229857
1105,8.770960386701615,high,4.697276626345701,0.3347810082152974,2.1362928104446084
1106,8.878062256609033,high,4.770215118172331,0.3347810082152974,2.1427107815531414
1107,8.986062321342073,high,4.843765298441049,0.3347810082152974,2.149182576077127
1108,9.094968113485807,high,4.917932296991262,0.3347810082152974,2.1557086453991143
1109,9.204787228796247,high,4.992721286683068,0.3347810082152974,2.1622894446870786
1110,9.315527326730175,high,5.068137483758026,0.3347810082152974,2.168925432926221
1111,9.427196130979317,high,5.144186148202973,0.3347810082152974,2.1756170729509465
1112,9.539801430009051,high,5.2208725841168935,0.3347810082152974,2.1823648314771473
1113,9.653351077601656,high,5.298202140080852,0.3347810082152974,2.189169179134785
1114,9.767852993404025,high,5.376180209531036,0.3347810082152974,2.1960305905006745
1115,9.883315163480088,high,5.454812231134936,0.3347810082152974,2.2029495441316147
1116,9.999745640867753,high,5.53410368917066,0.3347810082152974,2.2099265225977414
1117,10.11715254614063,high,5.614060113909449,0.3347810082152974,2.2169620125162153
1118,10.235544067974354,high,5.694687082001385,0.3347810082152974,2.224056504585124
1119,10.354928463717773,high,5.775990216864352,0.3347810082152974,2.231210493617743
1120,10.475314059968804,high,5.857975189076232,0.3347810082152974,2.23842447857702
1121,10.596709253155218,high,5.940647716770419,0.3347810082152974,2.24569896261038
1122,10.719122510120272,high,6.024013566034631,0.3347810082152974,2.253034453084842
1123,10.842562368713184,high,6.108078551313071,0.3347810082152974,2.260431461622364
1124,10.967037438384683,high,6.19284853581196,0.3347810082152974,2.267890504135581
1125,11.092556400787418,high,6.278329431908489,0.3347810082152974,2.275412100863715
1126,11.219128010381532,high,6.364527201563156,0.3347810082152974,2.2829967764089485
1127,11.34676109504519,high,6.539097459803983,0.3347810082152974,2.20299545670456
1128,11.475464556690353,high,6.627482123987649,0.3347810082152974,2.2099728202100497
1129,11.605247371883586,high,6.716608013773664,0.3347810082152974,2.2170086983969544
1130,11.736118592472204,high,6.806481345346681,0.3347810082152974,2.2241035819904695
1131,11.86808734621555,high,6.897108387022531,0.3347810082152974,2.2312579658311513
1132,12.001162837421635,high,6.988495459685378,0.3347810082152974,2.2384723489094895
1133,12.135354347589146,high,7.080648937228615,0.3347810082152974,2.245747234400689
1134,12.270671236054714,high,7.173575246999375,0.3347810082152974,2.253083129699755
1135,12.407122940645767,high,7.2672808702468625,0.3347810082152974,2.2604805464568916
1136,12.544718978338732,high,7.3617723425743495,0.3347810082152974,2.2679400006131907
1137,12.68346894592284,high,7.457056254395045,0.3347810082152974,2.2754620124366056
1138,12.823382520669433,high,7.553139251391727,0.3347810082152974,2.2830471065582394
1139,12.964469461006956,high,7.6500280349802505,0.3347810082152974,2.2906958120089698
1140,13.10673960720153,high,7.747729362776983,0.3347810082152974,2.298408662256275
1141,13.250202882043276,high,7.846250049070065,0.3347810082152974,2.306186195241507
1142,13.394869291538445,high,7.945596965294737,0.3347810082152974,2.31402895341739
1143,13.540748925607211,high,8.04577704051254,0.3347810082152974,2.32193748378584
1144,13.687851958787494,high,8.146797261894648,0.3347810082152974,2.3299123379361415
1145,13.83618865094451,high,8.248664675209138,0.3347810082152974,2.337954072083397
1146,13.985769347986434,high,8.351386385312464,0.3347810082152974,2.3460632471073257
1147,14.13660448258591,high,8.45496955664494,0.3347810082152974,2.3542404285913854
1148,14.288704574907776,high,8.559421413730457,0.3347810082152974,2.362486186862249
1149,14.442080233342722,high,8.66474924168038,0.3347810082152974,2.3708010970295064
1150,14.59674215524722,high,8.770960386701615,0.3347810082152974,2.3791857390258553
1151,14.752701127689658,high,8.878062256609033,0.3347810082152974,2.387640697647509
1152,14.90996802820262,high,8.986062321342073,0.3347810082152974,2.3961665625949973
1153,15.068553825541628,high,9.094968113485807,0.3347810082152974,2.4047639285142832
1154,15.228469580450103,high,9.204787228796247,0.3347810082152974,2.4134333950382505
1155,15.389726446430874,high,9.315527326730175,0.3347810082152974,2.4221755668285176
1156,15.552335670524023,high,9.427196130979317,0.3347810082152974,2.4309910536176034
1157,15.716308594091402,high,9.539801430009051,0.3347810082152974,2.4398804702515005
1158,15.88165665360756,high,9.767852993404025,0.3347810082152974,2.3343425209300985
1159,16.048391381457456,high,9.883315163480088,0.3347810082152974,2.342421408186297
1160,16.216524406740795,high,9.999745640867753,0.3347810082152974,2.3505680478985287
1161,16.38606745608307,high,10.11715254614063,0.3347810082152974,2.358783008263245
1162,16.557032354453497,high,10.235544067974354,0.3347810082152974,2.3670668622420514
1163,16.729431025989722,high,10.354928463717773,0.3347810082152974,2.375420187601561
1164,16.903275494829526,high,10.475314059968804,0.3347810082152974,2.3838435669537983
1165,17.0785778859494,high,10.596709253155218,0.3347810082152974,2.3923375877967494
1166,17.255350426010295,high,10.719122510120272,0.3347810082152974,2.4009028425553787
1167,17.433605444210308,high,10.842562368713184,0.3347810082152974,2.4095399286229497
1168,17.61335537314462,high,10.967037438384683,0.3347810082152974,2.418249448402639
1169,17.794612749672684,high,11.092556400787418,0.3347810082152974,2.4270320093496647
1170,17.977390215792497,high,11.219128010381532,0.3347810082152974,2.435888224013505
1171,18.161700519522462,high,11.34676109504519,0.3347810082152974,2.444818710080769
1172,18.34755651579041,high,11.475464556690353,0.3347810082152974,2.4538240904181468
1173,18.53497116733025,high,11.605247371883586,0.3347810082152974,2.462904993115968
1174,18.72395754558602,high,11.736118592472204,0.3347810082152974,2.472062051531898
1175,18.914528831623624,high,11.86808734621555,0.3347810082152974,2.4812959043352194
1176,19.106698317050096,high,12.001162837421635,0.3347810082152974,2.4906071955513074
1177,19.300479404940674,high,12.135354347589146,0.3347810082152974,2.4999965746065254
1178,19.495885610773634,high,12.270671236054714,0.3347810082152974,2.509464696373634
1179,19.69293056337288,high,12.407122940645767,0.3347810082152974,2.5190122212173236
1180,19.891628005858582,high,12.544718978338732,0.3347810082152974,2.528639815040398
1181,20.091991796605615,high,12.68346894592284,0.3347810082152974,2.5383481493301083
1182,20.294035910210216,high,12.823382520669433,0.3347810082152974,2.548137901205088
1183,20.497774438464575,high,12.964469461006956,0.3347810082152974,2.558009753462482
1184,20.703221591339762,high,13.10673960720153,0.3347810082152974,2.5679643946256654
1185,20.910391697976756,high,13.250202882043276,0.3347810082152974,2.5780025189922053
1186,21.119299207685852,high,13.394869291538445,0.3347810082152974,2.588124826682252
1187,21.32995869095451,high,13.540748925607211,0.3347810082152974,2.5983320236874974
1188,21.542384840463484,high,13.687851958787494,0.3347810082152974,2.6086248219202446
1189,21.7565924721117,high,13.83618865094451,0.3347810082152974,2.6190039392632407
1190,21.972596526049472,high,13.985769347986434,0.3347810082152974,2.6294700996195637
1191,22.19041206772067,high,14.288704574907776,0.3347810082152974,2.48792394064143
1192,22.41005428891332,high,14.442080233342722,0.3347810082152974,2.497290816955303
1193,22.631538508819318,high,14.59674215524722,0.3347810082152974,2.5067362472649855
1194,22.85488017510277,high,14.752701127689658,0.3347810082152974,2.516260890352523
1195,23.08009486497746,high,14.90996802820262,0.3347810082152974,2.525865410524787
1196,23.30719828629333,high,15.068553825541628,0.3347810082152974,2.535550477659765
1197,23.536206278631937,high,15.228469580450103,0.3347810082152974,2.5453167672532615
1198,23.767134814411346,high,15.389726446430874,0.3347810082152974,2.5551649604660547
1199,24.0,high,15.552335670524023,0.3347810082152974,2.5650957441713693
